Station Name,Country,Latitude,Longitude,Altitude (m),Record Period,Watershed,Data Available?,Paper,Source,
,,,,,,,,,,
SHARE Weather Stations,,,,,,,,,,
Askole,Pakistan,35.68,75.81,3015,,Indus,Yes,,http://www.evk2cnr.org/cms/en/share/monitoring-stations,
Urdukas,Pakistan,35.73,76.29,3926,,Indus,Yes,,http://www.evk2cnr.org/cms/en/share/monitoring-stations,
,,,,,,,,,,
KNMD and IMD Weather Stations,,,,,,,,,,
Kabul,India,34.6,69.2,1791,1958–1991,Indus,?,"Jeelani et al., 2012",Royal Netherlands Meteorological Institute (RNMI),
Murree,India,33.9,73.4,2127,1936–1980,Indus,?,"Jeelani et al., 2012",RNMI,
Shinquahe,India,32.5,80.08,4279,1961–1990,Indus,?,"Jeelani et al., 2012",RNMI,
Leh,India,34.2,77.7,3506,1901–1968,Indus,?,"Jeelani et al., 2012",RNMI,
Anantnag,India,33.7,75.2,1625,1924–1970,Indus,?,"Jeelani et al., 2012",Indian Meteorological Department (IMD),
Awantipora,India,33.9,74.9,1595,1902–1970,Indus,?,"Jeelani et al., 2012",RNMI,
Kokernag,India,33.9,75.3,2020,"1960–1970, 2005–2009",Indus,?,"Jeelani et al., 2012",IMD,
Dir,India,35.85,71.83,1425,1969–1979,Indus,?,"Jeelani et al., 2012",RNMI,
Drosh,India,35.07,71.78,1465,1931–1979,Indus,?,"Jeelani et al., 2012",RNMI,
Shimla,India,31.1,77.17,2202,1901–1980,Indus,?,"Jeelani et al., 2012",RNMI,
Parachinar,India,33.87,70.08,1726,1931–2010,Indus,?,"Jeelani et al., 2012",RNMI,
Chitral,India,35.07,71.83,1499,1964–1979,Indus,?,"Jeelani et al., 2012",RNMI,
Srinagar,India,34.08,74.83,1587,1901–2010,Indus,?,"Jeelani et al., 2012","IMD, RNMI (WAPDA? PMD?)",
Sonemarg,India,34.3,75.3,3000,1902–1969,Indus,?,"Jeelani et al., 2012","IMD, RNMI",
Pahalgam,India,34,75.3,2132,1961–2009,Indus,?,"Jeelani et al., 2012",IMD,
Battal,India,34.58,73.15,1524,1962–1978,Indus,?,"Jeelani et al., 2012",RNMI,
Fort Sandeman,India,31.4,69.5,1407,1931–2010,Indus,?,"Jeelani et al., 2012",RNMI,
,,,,,,,,,,
WAPDA SIHP Weather Stations,,,,,,,,,,
Babusar,Pakistan,35.146,74.044,4160,,Indus,?,Snow and Ice Hydrology (Pakistan) - Final Evaluation Report,,
Deosai,Pakistan,34.950,74.383,4356,1998-2011,Indus,?,"Snow and Ice Hydrology (Pakistan) - Final Evaluation Report, Hasson et al., 2015",,
Naltar,Pakistan,36.128,73.185,2100,1995-2012,Hunza,?,"Snow and Ice Hydrology (Pakistan) - Final Evaluation Report, Hasson et al., 2015",,
Ziarat,Pakistan,36.853,74.278,3688,1995-2012,Hunza,?,"Snow and Ice Hydrology (Pakistan) - Final Evaluation Report, Hasson et al., 2015",,
Khunjerab,Pakistan,36.850,75.400,5182,1995-2012,Hunza,?,"Snow and Ice Hydrology (Pakistan) - Final Evaluation Report, Hasson et al., 2015",,
Dainyour,Pakistan,35.928,74.210,1530,1997-2012,Hunza,?,"Snow and Ice Hydrology (Pakistan) - Final Evaluation Report, Hasson et al., 2015",,
Yasin,Pakistan,34.367,73.300,3353,1995-2012,Gilgit,?,"Snow and Ice Hydrology (Pakistan) - Final Evaluation Report, Hasson et al., 2015",,
Uskore,Pakistan,36.018,73.358,3353,1995-2012,Gilgit,?,"Snow and Ice Hydrology (Pakistan) - Final Evaluation Report, Hasson et al., 2015",,
Hushey,Pakistan,35.367,76.400,3010,1995-2012,Shyok,?,"Snow and Ice Hydrology (Pakistan) - Final Evaluation Report, Hasson et al., 2015",,
Shigar,Pakistan,35.530,75.592,2470,1996-2012,Shigar,?,"Snow and Ice Hydrology (Pakistan) - Final Evaluation Report, Hasson et al., 2015",,
Rama,Pakistan,35.358,74.806,3140,1995-2012,Astore,?,"Snow and Ice Hydrology (Pakistan) - Final Evaluation Report, Hasson et al., 2015",,
Rattu,Pakistan,35.153,74.817,2920,1995-2012,Astore,?,"Snow and Ice Hydrology (Pakistan) - Final Evaluation Report, Hasson et al., 2015",,
Burzil,Pakistan,34.906,75.092,4030,,Astore,?,Snow and Ice Hydrology (Pakistan) - Final Evaluation Report,,
Burawai,Pakistan,34.940,73.868,2926,,Kunhar,?,Snow and Ice Hydrology (Pakistan) - Final Evaluation Report,,
Shogpan,Pakistan,34.633,73.488,3835,,Kunhar,?,Snow and Ice Hydrology (Pakistan) - Final Evaluation Report,,
Saif,Pakistan,34.904,73.644,3250,,Kunhar,?,Snow and Ice Hydrology (Pakistan) - Final Evaluation Report,,
Zani,Pakistan,36.333,72.167,3895,,Chitral,?,Snow and Ice Hydrology (Pakistan) - Final Evaluation Report,,
Shendure,Pakistan,36.083,72.525,3719,1995-2012,Chitral,?,"Snow and Ice Hydrology (Pakistan) - Final Evaluation Report, Hasson et al., 2015",,
Kelash,Pakistan,35.650,71.617,3048,,Chitral,?,Snow and Ice Hydrology (Pakistan) - Final Evaluation Report,,
Khot,Pakistan,36.517,72.583,3505,,Chitral,?,Snow and Ice Hydrology (Pakistan) - Final Evaluation Report,,
Kalam,Pakistan,35.467,72.367,2225,,Swat,?,Snow and Ice Hydrology (Pakistan) - Final Evaluation Report,,
Shangla,Pakistan,34.875,72.596,2134,,Swat,?,Snow and Ice Hydrology (Pakistan) - Final Evaluation Report,,
Lahore,Pakistan,31.500,74.333,200,,Ravi,?,Snow and Ice Hydrology (Pakistan) - Final Evaluation Report,,
Badoki,Pakistan,31.267,73.367,200,,Ravi,?,Snow and Ice Hydrology (Pakistan) - Final Evaluation Report,,
,,,,,,,,,,
NOAA Weather Stations,,,,,,,,,,
GUPIS,Pakistan,36.167,73.4,2156,2005-2016,,yes,,ftp://ftp.ncdc.noaa.gov/pub/data/noaa/,https://www.ncdc.noaa.gov/data-access/quick-links#loc-clim
HUNZA,Pakistan,36.317,74.65,2374,2008-2016,,yes,,ftp://ftp.ncdc.noaa.gov/pub/data/noaa/,ftp://ftp.ncdc.noaa.gov/pub/data/noaa/
CHITRAL,Pakistan,35.85,71.833,1500,1973-2014,,yes,,ftp://ftp.ncdc.noaa.gov/pub/data/noaa/,http://www1.ncdc.noaa.gov/pub/data/ish/
MET_OBSERVATORY_TIMERGARA/DI,Pakistan,34.833,71.817,786,2008-2016,,yes,,ftp://ftp.ncdc.noaa.gov/pub/data/noaa/,ftp://ftp.ncdc.noaa.gov/pub/data/noaa/isd-history.txt
DIR,Pakistan,35.2,71.85,1370,1980-2016,,yes,,ftp://ftp.ncdc.noaa.gov/pub/data/noaa/,
MIR KHANI,Pakistan,35.5,71.7,1250,2006-2016,,yes,,ftp://ftp.ncdc.noaa.gov/pub/data/noaa/,
KALAM,Pakistan,35.833,72.983,2123,2005-2016,,yes,,ftp://ftp.ncdc.noaa.gov/pub/data/noaa/,
DROSH,Pakistan,35.567,71.783,1465,1944-2016,,yes,,ftp://ftp.ncdc.noaa.gov/pub/data/noaa/,
GILGIT,Pakistan,35.919,74.334,1457.2,1973-2016,,yes,,ftp://ftp.ncdc.noaa.gov/pub/data/noaa/,
SKARDU,Pakistan,35.336,75.536,2316.5,1944-2016,,yes,,ftp://ftp.ncdc.noaa.gov/pub/data/noaa/,
BUNJI,Pakistan,35.667,74.633,1470,2004-2016,,yes,,ftp://ftp.ncdc.noaa.gov/pub/data/noaa/,
CHILLAS,Pakistan,35.417,74.1,1251,2005-2016,,yes,,ftp://ftp.ncdc.noaa.gov/pub/data/noaa/,
TURBAT INTL,Pakistan,25.983,63.033,152,2005-2016,,yes,,ftp://ftp.ncdc.noaa.gov/pub/data/noaa/,
ASTORE,Pakistan,35.367,74.9,2168,2005-2016,,yes,,ftp://ftp.ncdc.noaa.gov/pub/data/noaa/,
CHITRAL,Pakistan,35.883,71.8,1494,2005-2016,,yes,,ftp://ftp.ncdc.noaa.gov/pub/data/noaa/,
DERA GHAZI KHAN,Pakistan,29.967,70.483,148,2005-2016,,yes,,ftp://ftp.ncdc.noaa.gov/pub/data/noaa/,
MUZAFFARABAD,Pakistan,34.333,73.517,831,2005-2015,,yes,,ftp://ftp.ncdc.noaa.gov/pub/data/noaa/,
SAIDU SHARIF,Pakistan,34.733,72.35,951,1974-2014,,yes,,ftp://ftp.ncdc.noaa.gov/pub/data/noaa/,
SAIDU SHARIF,Pakistan,34.817,72.35,970,2005-2016,,yes,,ftp://ftp.ncdc.noaa.gov/pub/data/noaa/,
PATTAN,Pakistan,35.1,73,752,2008-2016,,yes,,ftp://ftp.ncdc.noaa.gov/pub/data/noaa/,
RAIFIQUI,Pakistan,30.767,72.283,151,2005-2005,,yes,,ftp://ftp.ncdc.noaa.gov/pub/data/noaa/,
MALAM,Pakistan,34.75,72.9,2652,2007-2016,,yes,,ftp://ftp.ncdc.noaa.gov/pub/data/noaa/,
BABUSAR,Pakistan,35.217,74.1,2854,2015-2015,,yes,,ftp://ftp.ncdc.noaa.gov/pub/data/noaa/,
LANDIKOTAL,Pakistan,34.1,71.133,1067,1973-1979,,yes,,ftp://ftp.ncdc.noaa.gov/pub/data/noaa/,
PESHAWAR,Pakistan,34.033,71.933,329,2011-2015,,yes,,ftp://ftp.ncdc.noaa.gov/pub/data/noaa/,
PESHAWAR,Pakistan,34.017,71.583,360,1944-2016,,yes,,ftp://ftp.ncdc.noaa.gov/pub/data/noaa/,
BATTAL,Pakistan,34.583,73.15,1676,1973-2003,,yes,,ftp://ftp.ncdc.noaa.gov/pub/data/noaa/,
MUZAFFAR ABAD,Pakistan,34.367,73.483,2303,1973-2013,,yes,,ftp://ftp.ncdc.noaa.gov/pub/data/noaa/,
RISALPUR,Pakistan,34.081,71.973,320,1973-2016,,yes,,ftp://ftp.ncdc.noaa.gov/pub/data/noaa/,
KAKUL,Pakistan,34.183,73.25,1309,1973-2016,,yes,,ftp://ftp.ncdc.noaa.gov/pub/data/noaa/,
BALAKOT,Pakistan,34.383,73.35,981,1998-2016,,yes,,ftp://ftp.ncdc.noaa.gov/pub/data/noaa/,
PARACHINAR,Pakistan,33.867,70.083,1726,1944-2016,,yes,,ftp://ftp.ncdc.noaa.gov/pub/data/noaa/,
BANNU*,Pakistan,33,70.1,406,2005-2013,,yes,,ftp://ftp.ncdc.noaa.gov/pub/data/noaa/,
KOHAT,Pakistan,33.567,71.433,513,1973-2016,,yes,,ftp://ftp.ncdc.noaa.gov/pub/data/noaa/,
CHERAT,Pakistan,33.817,71.883,1372,1944-2016,,yes,,ftp://ftp.ncdc.noaa.gov/pub/data/noaa/,
CAMPBELLPUR,Pakistan,33.767,72.367,357,1973-1973,,yes,,ftp://ftp.ncdc.noaa.gov/pub/data/noaa/,
CHAKLALA,Pakistan,33.617,73.099,508.4,1944-2016,,yes,,ftp://ftp.ncdc.noaa.gov/pub/data/noaa/,
HARIPUR,Pakistan,33.983,72.917,535,1973-1978,,yes,,ftp://ftp.ncdc.noaa.gov/pub/data/noaa/,
MURREE,Pakistan,33.917,73.383,2127,1944-2016,,yes,,ftp://ftp.ncdc.noaa.gov/pub/data/noaa/,
RAWALAKOT*,Pakistan,33.85,73.8,1677,2006-2013,,yes,,ftp://ftp.ncdc.noaa.gov/pub/data/noaa/,
MANGLA*,Pakistan,33.067,73.633,283,2007-2013,,yes,,ftp://ftp.ncdc.noaa.gov/pub/data/noaa/,
ISLAMABAD CITY,Pakistan,33.717,73.1,525,2005-2016,,yes,,ftp://ftp.ncdc.noaa.gov/pub/data/noaa/,
MIRANSHAH AIRPORT,Pakistan,32.983,70.117,921,1944-2003,,yes,,ftp://ftp.ncdc.noaa.gov/pub/data/noaa/,
KHUSHAB,Pakistan,32.3,72.35,186,1954-2002,,yes,,ftp://ftp.ncdc.noaa.gov/pub/data/noaa/,
MIANWALI,Pakistan,32.563,71.571,210.3,1944-2016,,yes,,ftp://ftp.ncdc.noaa.gov/pub/data/noaa/,
SUKKUR,Pakistan,27.722,68.792,58.2,2008-2016,,yes,,ftp://ftp.ncdc.noaa.gov/pub/data/noaa/,
SARGODHA,Pakistan,32.05,72.667,187,2004-2010,,yes,,ftp://ftp.ncdc.noaa.gov/pub/data/noaa/,
SARGODHA,Pakistan,32.05,72.667,188,1973-2016,,yes,,ftp://ftp.ncdc.noaa.gov/pub/data/noaa/,
MANDI BAHAUDDIN,Pakistan,32.583,73.5,253,2005-2016,,yes,,ftp://ftp.ncdc.noaa.gov/pub/data/noaa/,
JHELUM,Pakistan,32.933,73.717,234,1973-2016,,yes,,ftp://ftp.ncdc.noaa.gov/pub/data/noaa/,
SIALKOT,Pakistan,32.5,74.533,255,2013-2016,,yes,,ftp://ftp.ncdc.noaa.gov/pub/data/noaa/,
SIALKOT,Pakistan,32.5,74.533,256,1944-2016,,yes,,ftp://ftp.ncdc.noaa.gov/pub/data/noaa/,
ZHOB,Pakistan,31.358,69.464,1417.3,1944-2016,,yes,,ftp://ftp.ncdc.noaa.gov/pub/data/noaa/,
D.I. KHAN,Pakistan,31.909,70.897,181.1,1944-2016,,yes,,ftp://ftp.ncdc.noaa.gov/pub/data/noaa/,
FAISALABAD,Pakistan,31.433,73.1,184,1944-2014,,yes,,ftp://ftp.ncdc.noaa.gov/pub/data/noaa/,
JHANG,Pakistan,31.267,72.317,153,2005-2016,,yes,,ftp://ftp.ncdc.noaa.gov/pub/data/noaa/,
TOBA TEK SINGH,Pakistan,30.983,72.967,156,2008-2016,,yes,,ftp://ftp.ncdc.noaa.gov/pub/data/noaa/,
LAHORE CITY,Pakistan,31.55,74.333,215,1944-2016,,yes,,ftp://ftp.ncdc.noaa.gov/pub/data/noaa/,
ALLAMA IQBAL INTL,Pakistan,31.522,74.404,217,1976-2016,,yes,,ftp://ftp.ncdc.noaa.gov/pub/data/noaa/,
OKARA,Pakistan,30.8,73.433,180,2008-2013,,yes,,ftp://ftp.ncdc.noaa.gov/pub/data/noaa/,
DERA GHAZI KHAN,Pakistan,30.05,70.633,125,1973-2013,,yes,,ftp://ftp.ncdc.noaa.gov/pub/data/noaa/,
QUETTA,Pakistan,30.251,66.938,1600.2,1944-2016,,yes,,ftp://ftp.ncdc.noaa.gov/pub/data/noaa/,
QUETTA (SHEIKH MANDA),Pakistan,30.267,66.917,1621,1973-2016,,yes,,ftp://ftp.ncdc.noaa.gov/pub/data/noaa/,
QILA SAIFULLAH,Pakistan,30.75,67.867,1801,1957-1963,,yes,,ftp://ftp.ncdc.noaa.gov/pub/data/noaa/,
LAYYAH,Pakistan,31.017,70.967,151,2016-2016,,yes,,ftp://ftp.ncdc.noaa.gov/pub/data/noaa/,
RAFIQUI,Pakistan,30.783,72.2,150,1975-2015,,yes,,ftp://ftp.ncdc.noaa.gov/pub/data/noaa/,
MULTAN INTL,Pakistan,30.203,71.419,121.9,1944-2016,,yes,,ftp://ftp.ncdc.noaa.gov/pub/data/noaa/,
BAHAWALNAGAR,Pakistan,29.95,73.25,163,1973-2016,,yes,,ftp://ftp.ncdc.noaa.gov/pub/data/noaa/,
BAR KHAN,Pakistan,29.883,69.717,1098,1973-2016,,yes,,ftp://ftp.ncdc.noaa.gov/pub/data/noaa/,
KALAT,Pakistan,29.033,66.583,2017,1944-2016,,yes,,ftp://ftp.ncdc.noaa.gov/pub/data/noaa/,
SIBI,Pakistan,29.55,67.883,134,1957-2016,,yes,,ftp://ftp.ncdc.noaa.gov/pub/data/noaa/,
BAHAWALPUR,Pakistan,29.4,71.783,113,1944-2016,,yes,,ftp://ftp.ncdc.noaa.gov/pub/data/noaa/,
BAHAWALPUR,Pakistan,29.4,71.783,117,2009-2016,,yes,,ftp://ftp.ncdc.noaa.gov/pub/data/noaa/,
NOKKUNDI,Pakistan,28.817,62.75,683,1944-2016,,yes,,ftp://ftp.ncdc.noaa.gov/pub/data/noaa/,
DAL BANDIN,Pakistan,28.883,64.4,850,1944-2016,,yes,,ftp://ftp.ncdc.noaa.gov/pub/data/noaa/,
SHAHBAZ AB,Pakistan,28.284,68.45,56.4,1944-2016,,yes,,ftp://ftp.ncdc.noaa.gov/pub/data/noaa/,
SHEIKH ZAYED,Pakistan,28.384,70.28,82.6,2008-2016,,yes,,ftp://ftp.ncdc.noaa.gov/pub/data/noaa/,
KHANPUR,Pakistan,28.65,70.683,88,1944-2016,,yes,,ftp://ftp.ncdc.noaa.gov/pub/data/noaa/,
ROHRI,Pakistan,27.667,68.9,68,1957-2016,,yes,,ftp://ftp.ncdc.noaa.gov/pub/data/noaa/,
TURBAT,Pakistan,26.017,63.067,154,2005-2013,,yes,,ftp://ftp.ncdc.noaa.gov/pub/data/noaa/,
PANJGUR,Pakistan,26.955,64.133,1002.5,1944-2016,,yes,,ftp://ftp.ncdc.noaa.gov/pub/data/noaa/,
LASBELLA,Pakistan,26.23,66.17,87,1957-2016,,yes,,ftp://ftp.ncdc.noaa.gov/pub/data/noaa/,
DADU,Pakistan,26.717,67.767,40,1973-1974,,yes,,ftp://ftp.ncdc.noaa.gov/pub/data/noaa/,
KHUZDAR,Pakistan,27.833,66.633,1232,1973-2016,,yes,,ftp://ftp.ncdc.noaa.gov/pub/data/noaa/,
PADIDAN,Pakistan,26.85,68.133,47,1944-2016,,yes,,ftp://ftp.ncdc.noaa.gov/pub/data/noaa/,
MOENJODARO,Pakistan,27.335,68.143,50.9,2010-2015,,yes,,ftp://ftp.ncdc.noaa.gov/pub/data/noaa/,
LARKANA,Pakistan,27.533,68.233,53,2005-2013,,yes,,ftp://ftp.ncdc.noaa.gov/pub/data/noaa/,
NAWABSHAH,Pakistan,26.219,68.39,28.3,1955-2016,,yes,,ftp://ftp.ncdc.noaa.gov/pub/data/noaa/,
JIWANI,Pakistan,25.068,61.805,58,1944-2016,,yes,,ftp://ftp.ncdc.noaa.gov/pub/data/noaa/,
GWADAR,Pakistan,25.233,62.329,29.3,2005-2016,,yes,,ftp://ftp.ncdc.noaa.gov/pub/data/noaa/,
PASNI,Pakistan,25.29,63.344,3.7,1944-2016,,yes,,ftp://ftp.ncdc.noaa.gov/pub/data/noaa/,
ORMARA,Pakistan,25.273,64.588,19,1944-2016,,yes,,ftp://ftp.ncdc.noaa.gov/pub/data/noaa/,
HYDERABAD AIRPORT,Pakistan,25.383,68.417,41,1945-2016,,yes,,ftp://ftp.ncdc.noaa.gov/pub/data/noaa/,
HYDERABAD,Pakistan,25.383,68.417,30,1957-2007,,yes,,ftp://ftp.ncdc.noaa.gov/pub/data/noaa/,
CHHOR,Pakistan,25.517,69.783,6,1954-2016,,yes,,ftp://ftp.ncdc.noaa.gov/pub/data/noaa/,
UNMARKOT,Pakistan,25.367,69.75,17,1957-1963,,yes,,ftp://ftp.ncdc.noaa.gov/pub/data/noaa/,
JINNAH INTL,Pakistan,24.907,67.161,30.5,1942-2016,,yes,,ftp://ftp.ncdc.noaa.gov/pub/data/noaa/,
MASROOR,Pakistan,24.894,66.939,10.7,1973-2016,,yes,,ftp://ftp.ncdc.noaa.gov/pub/data/noaa/,
KARACHI MANORA,Pakistan,24.8,66.983,4,1944-2003,,yes,,ftp://ftp.ncdc.noaa.gov/pub/data/noaa/,
BADIN,Pakistan,24.633,68.9,11,1944-2016,,yes,,ftp://ftp.ncdc.noaa.gov/pub/data/noaa/,
,,,,,,,,,,
GULMARG,India,34.05,74.4,2655,1944-2016,,yes,,ftp://ftp.ncdc.noaa.gov/pub/data/noaa/isd-history.txt,
SRINAGAR,India,34.083,74.833,1587,1973-2016,,yes,,ftp://ftp.ncdc.noaa.gov/pub/data/noaa/isd-history.txt,
SONAMARG,India,34.317,75.317,2515,1974-2016,,yes,,ftp://ftp.ncdc.noaa.gov/pub/data/noaa/isd-history.txt,
DRAS,India,34.433,75.767,3066,1944-2007,,yes,,ftp://ftp.ncdc.noaa.gov/pub/data/noaa/isd-history.txt,
LEH,India,34.15,77.567,3513,1944-1948,,yes,,ftp://ftp.ncdc.noaa.gov/pub/data/noaa/isd-history.txt,
SRINAGAR,India,33.983,74.783,1664,1988-2005,,yes,,ftp://ftp.ncdc.noaa.gov/pub/data/noaa/isd-history.txt,
QAZI GUND,India,33.583,75.083,1690,2003-2016,,yes,,ftp://ftp.ncdc.noaa.gov/pub/data/noaa/isd-history.txt,
BANIHAL,India,33.5,75.167,1630,2002-2016,,yes,,ftp://ftp.ncdc.noaa.gov/pub/data/noaa/isd-history.txt,
JAMMU (IN-AFB),India,32.683,74.833,314,1973-1991,,yes,,ftp://ftp.ncdc.noaa.gov/pub/data/noaa/isd-history.txt,
JAMMU,India,32.667,74.833,367,1983-2016,,yes,,ftp://ftp.ncdc.noaa.gov/pub/data/noaa/isd-history.txt,
PATHANKOT (IN-AFB)&,India,32.233,75.633,312,1973-1975,,yes,,ftp://ftp.ncdc.noaa.gov/pub/data/noaa/isd-history.txt,
DALHOUSIE,India,32.533,75.967,1959,1944-2006,,yes,,ftp://ftp.ncdc.noaa.gov/pub/data/noaa/isd-history.txt,
KATHUA,India,32.333,75.5,380,2001-2003,,yes,,ftp://ftp.ncdc.noaa.gov/pub/data/noaa/isd-history.txt,
DHARMSALA,India,32.267,76.383,1211,1973-2016,,yes,,ftp://ftp.ncdc.noaa.gov/pub/data/noaa/isd-history.txt,
MANALI,India,32.267,77.167,2039,1999-2016,,yes,,ftp://ftp.ncdc.noaa.gov/pub/data/noaa/isd-history.txt,
AMRITSAR,India,31.71,74.797,230.4,1973-2016,,yes,,ftp://ftp.ncdc.noaa.gov/pub/data/noaa/isd-history.txt,
KAPURTHALA,India,31.333,75.333,229,2002-2016,,yes,,ftp://ftp.ncdc.noaa.gov/pub/data/noaa/isd-history.txt,
UNA,India,31.467,76.267,369,2009-2016,,yes,,ftp://ftp.ncdc.noaa.gov/pub/data/noaa/isd-history.txt,
MANDI,India,31.717,76.967,761,1959-2016,,yes,,ftp://ftp.ncdc.noaa.gov/pub/data/noaa/isd-history.txt,
SUNDERNAGAR,India,31.533,76.9,874,2013-2016,,yes,,ftp://ftp.ncdc.noaa.gov/pub/data/noaa/isd-history.txt,
BILASPUR,India,31.25,76.667,587,1959-2015,,yes,,ftp://ftp.ncdc.noaa.gov/pub/data/noaa/isd-history.txt,
BHAVNAGAR,India,21.752,72.185,13.4,2011-2016,,yes,,ftp://ftp.ncdc.noaa.gov/pub/data/noaa/isd-history.txt,
BHUNTAR,India,31.833,77.167,1084,2002-2016,,yes,,ftp://ftp.ncdc.noaa.gov/pub/data/noaa/isd-history.txt,
SHIMLA,India,31.1,77.167,2202,1944-2016,,yes,,ftp://ftp.ncdc.noaa.gov/pub/data/noaa/isd-history.txt,
FEROZEPUR,India,30.917,74.667,200,1973-2003,,yes,,ftp://ftp.ncdc.noaa.gov/pub/data/noaa/isd-history.txt,
BHATINDA,India,30.167,74.583,211,2003-2003,,yes,,ftp://ftp.ncdc.noaa.gov/pub/data/noaa/isd-history.txt,
HALWARA,India,30.75,75.633,241,1944-1948,,yes,,ftp://ftp.ncdc.noaa.gov/pub/data/noaa/isd-history.txt,
LUDHIANA,India,30.867,75.933,255,1973-2016,,yes,,ftp://ftp.ncdc.noaa.gov/pub/data/noaa/isd-history.txt,
PATIALA,India,30.333,76.467,251,1973-2016,,yes,,ftp://ftp.ncdc.noaa.gov/pub/data/noaa/isd-history.txt,
AMBALA,India,30.383,76.767,272,1944-2016,,yes,,ftp://ftp.ncdc.noaa.gov/pub/data/noaa/isd-history.txt,
NAHAN,India,30.4,76.767,958,1988-2016,,yes,,ftp://ftp.ncdc.noaa.gov/pub/data/noaa/isd-history.txt,
CHANDIGARH(IAFB),India,30.733,76.883,347,1974-2016,,yes,,ftp://ftp.ncdc.noaa.gov/pub/data/noaa/isd-history.txt,
DHARMPUR,India,30.9,77.017,1986,1999-2002,,yes,,ftp://ftp.ncdc.noaa.gov/pub/data/noaa/isd-history.txt,
UTTARKASHI,India,30.733,78.45,1200,1999-2003,,yes,,ftp://ftp.ncdc.noaa.gov/pub/data/noaa/isd-history.txt,
DEHRADUN,India,30.317,78.033,682,1944-2016,,yes,,ftp://ftp.ncdc.noaa.gov/pub/data/noaa/isd-history.txt,
MUSSOORIE,India,30.45,78.083,2042,1954-2004,,yes,,ftp://ftp.ncdc.noaa.gov/pub/data/noaa/isd-history.txt,
TEHRI,India,30.4,78.483,770,1998-2016,,yes,,ftp://ftp.ncdc.noaa.gov/pub/data/noaa/isd-history.txt,
JOSHIMATH,India,30.55,79.567,1875,1973-2003,,yes,,ftp://ftp.ncdc.noaa.gov/pub/data/noaa/isd-history.txt,
CHAMOLI,India,30.4,79.333,1160,1999-2016,,yes,,ftp://ftp.ncdc.noaa.gov/pub/data/noaa/isd-history.txt,
MUNSYARI,India,30.117,80.25,3414,2001-2011,,yes,,ftp://ftp.ncdc.noaa.gov/pub/data/noaa/isd-history.txt,
ANUPGARH,India,29.167,73.167,154,1944-2003,,yes,,ftp://ftp.ncdc.noaa.gov/pub/data/noaa/isd-history.txt,
GANGANAGAR,India,29.917,73.917,177,1944-2016,,yes,,ftp://ftp.ncdc.noaa.gov/pub/data/noaa/isd-history.txt,
HISSAR,India,29.179,75.755,213.4,1944-2016,,yes,,ftp://ftp.ncdc.noaa.gov/pub/data/noaa/isd-history.txt,
SANGRUR,India,30.167,75.833,236,1983-2016,,yes,,ftp://ftp.ncdc.noaa.gov/pub/data/noaa/isd-history.txt,
KARNAL,India,29.7,77.033,249,1973-2016,,yes,,ftp://ftp.ncdc.noaa.gov/pub/data/noaa/isd-history.txt,
MEERUT,India,29.017,77.633,222,1944-2016,,yes,,ftp://ftp.ncdc.noaa.gov/pub/data/noaa/isd-history.txt,
ROORKEE,India,29.85,77.883,274,1944-2014,,yes,,ftp://ftp.ncdc.noaa.gov/pub/data/noaa/isd-history.txt,
NAJIBABAD,India,29.617,78.383,270,1973-2016,,yes,,ftp://ftp.ncdc.noaa.gov/pub/data/noaa/isd-history.txt,
NAINITAL,India,29.4,79.467,1953,1973-1979,,yes,,ftp://ftp.ncdc.noaa.gov/pub/data/noaa/isd-history.txt,
MUKTESHWAR KUMAON,India,29.467,79.65,2311,1944-2016,,yes,,ftp://ftp.ncdc.noaa.gov/pub/data/noaa/isd-history.txt,
PANTNAGAR,India,29.033,79.467,233,2007-2016,,yes,,ftp://ftp.ncdc.noaa.gov/pub/data/noaa/isd-history.txt,
DHARCHULA,India,29.85,80.533,817,1983-2002,,yes,,ftp://ftp.ncdc.noaa.gov/pub/data/noaa/isd-history.txt,
BIKANER,India,28,73.3,224,1944-2016,,yes,,ftp://ftp.ncdc.noaa.gov/pub/data/noaa/isd-history.txt,
CHURU,India,28.25,74.917,291,1973-2016,,yes,,ftp://ftp.ncdc.noaa.gov/pub/data/noaa/isd-history.txt,
PILANI,India,28.333,75.583,301,2002-2016,,yes,,ftp://ftp.ncdc.noaa.gov/pub/data/noaa/isd-history.txt,
ROHTAK,India,28.833,76.583,222,2001-2009,,yes,,ftp://ftp.ncdc.noaa.gov/pub/data/noaa/isd-history.txt,
NARNAUL,India,28,76.083,308,2002-2016,,yes,,ftp://ftp.ncdc.noaa.gov/pub/data/noaa/isd-history.txt,
GURGAON,India,28.417,77,224,2001-2001,,yes,,ftp://ftp.ncdc.noaa.gov/pub/data/noaa/isd-history.txt,
INDIRA GANDHI INTL,India,28.567,77.103,236.8,1975-2016,,yes,,ftp://ftp.ncdc.noaa.gov/pub/data/noaa/isd-history.txt,
SAFDARJUNG,India,28.585,77.206,214.9,1942-2016,,yes,,ftp://ftp.ncdc.noaa.gov/pub/data/noaa/isd-history.txt,
BULANDSHAHR,India,28.4,77.867,218,2001-2001,,yes,,ftp://ftp.ncdc.noaa.gov/pub/data/noaa/isd-history.txt,
MORADABAD,India,28.833,78.75,202,1983-2016,,yes,,ftp://ftp.ncdc.noaa.gov/pub/data/noaa/isd-history.txt,
RAMPUR,India,28.75,79,191,1999-2002,,yes,,ftp://ftp.ncdc.noaa.gov/pub/data/noaa/isd-history.txt,
BAREILLY,India,28.422,79.451,176.8,1944-2016,,yes,,ftp://ftp.ncdc.noaa.gov/pub/data/noaa/isd-history.txt,
PILIBHIT,India,28.633,79.8,188,2002-2002,,yes,,ftp://ftp.ncdc.noaa.gov/pub/data/noaa/isd-history.txt,
PASIGHAT,India,28.1,95.383,157,1974-2016,,yes,,ftp://ftp.ncdc.noaa.gov/pub/data/noaa/isd-history.txt,
PHALODI,India,27.133,72.367,234,1944-2016,,yes,,ftp://ftp.ncdc.noaa.gov/pub/data/noaa/isd-history.txt,
NAGAUR,India,27.167,73.667,298,2001-2003,,yes,,ftp://ftp.ncdc.noaa.gov/pub/data/noaa/isd-history.txt,
SIKAR,India,27.617,75.133,433,1973-2016,,yes,,ftp://ftp.ncdc.noaa.gov/pub/data/noaa/isd-history.txt,
ALWAR,India,27.5,76.583,271,1973-2016,,yes,,ftp://ftp.ncdc.noaa.gov/pub/data/noaa/isd-history.txt,
MATHURA,India,27.5,77.683,174,2002-2002,,yes,,ftp://ftp.ncdc.noaa.gov/pub/data/noaa/isd-history.txt,
BHARATPUR,India,27.217,77.5,176,2002-2003,,yes,,ftp://ftp.ncdc.noaa.gov/pub/data/noaa/isd-history.txt,
AGRA,India,27.156,77.961,167.9,1942-2016,,yes,,ftp://ftp.ncdc.noaa.gov/pub/data/noaa/isd-history.txt,
AGRA,India,27.167,78.033,169,1944-2002,,yes,,ftp://ftp.ncdc.noaa.gov/pub/data/noaa/isd-history.txt,
ALIGARH,India,27.883,78.067,187,1973-2016,,yes,,ftp://ftp.ncdc.noaa.gov/pub/data/noaa/isd-history.txt,
MAINPURI,India,27.233,79.05,157,1944-2003,,yes,,ftp://ftp.ncdc.noaa.gov/pub/data/noaa/isd-history.txt,
SHAHJAHANPUR,India,27.883,79.9,155,2009-2016,,yes,,ftp://ftp.ncdc.noaa.gov/pub/data/noaa/isd-history.txt,
KHERI,India,27.9,80.8,147,1973-2016,,yes,,ftp://ftp.ncdc.noaa.gov/pub/data/noaa/isd-history.txt,
HARDOI,India,27.383,80.167,142,1973-2016,,yes,,ftp://ftp.ncdc.noaa.gov/pub/data/noaa/isd-history.txt,
BAHRAICH,India,27.567,81.6,124,1944-2016,,yes,,ftp://ftp.ncdc.noaa.gov/pub/data/noaa/isd-history.txt,
GONDA,India,27.133,81.967,110,1973-2016,,yes,,ftp://ftp.ncdc.noaa.gov/pub/data/noaa/isd-history.txt,
BASTI,India,26.8,82.733,89,2016-2016,,yes,,ftp://ftp.ncdc.noaa.gov/pub/data/noaa/isd-history.txt,
NAUTANWA,India,27.433,83.417,99,1973-2003,,yes,,ftp://ftp.ncdc.noaa.gov/pub/data/noaa/isd-history.txt,
DARJEELING,India,27.05,88.267,2128,1944-2016,,yes,,ftp://ftp.ncdc.noaa.gov/pub/data/noaa/isd-history.txt,
KALIMPONG,India,27.067,88.467,1209,2015-2016,,yes,,ftp://ftp.ncdc.noaa.gov/pub/data/noaa/isd-history.txt,
GANGTOK,India,27.333,88.617,1756,1974-2016,,yes,,ftp://ftp.ncdc.noaa.gov/pub/data/noaa/isd-history.txt,
BOMDILA,India,27.417,92.85,2484,2002-2005,,yes,,ftp://ftp.ncdc.noaa.gov/pub/data/noaa/isd-history.txt,
LILABARI,India,27.295,94.098,100.6,1943-2016,,yes,,ftp://ftp.ncdc.noaa.gov/pub/data/noaa/isd-history.txt,
SIBSAGAR,India,26.983,94.633,97,1944-2016,,yes,,ftp://ftp.ncdc.noaa.gov/pub/data/noaa/isd-history.txt,
ZIRO,India,27.917,94.8,1476,2001-2002,,yes,,ftp://ftp.ncdc.noaa.gov/pub/data/noaa/isd-history.txt,
DIBRUGARH,India,27.484,95.017,110.3,1942-2016,,yes,,ftp://ftp.ncdc.noaa.gov/pub/data/noaa/isd-history.txt,
DIGBOI,India,27.383,95.617,143,1944-2016,,yes,,ftp://ftp.ncdc.noaa.gov/pub/data/noaa/isd-history.txt,
JAISALMER,India,26.9,70.917,231,1973-2016,,yes,,ftp://ftp.ncdc.noaa.gov/pub/data/noaa/isd-history.txt,
JODHPUR,India,26.251,73.049,218.5,1943-2016,,yes,,ftp://ftp.ncdc.noaa.gov/pub/data/noaa/isd-history.txt,
AJMER,India,26.45,74.617,486,1944-2016,,yes,,ftp://ftp.ncdc.noaa.gov/pub/data/noaa/isd-history.txt,
JAIPUR,India,26.824,75.812,385,1944-2016,,yes,,ftp://ftp.ncdc.noaa.gov/pub/data/noaa/isd-history.txt,
TONK,India,26.167,75.75,272,1999-2016,,yes,,ftp://ftp.ncdc.noaa.gov/pub/data/noaa/isd-history.txt,
DHOLPUR,India,26.667,77.833,176,1973-2009,,yes,,ftp://ftp.ncdc.noaa.gov/pub/data/noaa/isd-history.txt,
BHIND,India,26.567,78.8,168,2002-2002,,yes,,ftp://ftp.ncdc.noaa.gov/pub/data/noaa/isd-history.txt,
GWALIOR,India,26.293,78.228,188.1,1944-2016,,yes,,ftp://ftp.ncdc.noaa.gov/pub/data/noaa/isd-history.txt,
ETAWAH,India,26.733,78.983,151,2001-2016,,yes,,ftp://ftp.ncdc.noaa.gov/pub/data/noaa/isd-history.txt,
KANPUR,India,26.433,80.367,125,1945-2003,,yes,,ftp://ftp.ncdc.noaa.gov/pub/data/noaa/isd-history.txt,
KANPUR CHAKERI,India,26.404,80.41,123.4,1944-2016,,yes,,ftp://ftp.ncdc.noaa.gov/pub/data/noaa/isd-history.txt,
LUCKNOW,India,26.867,80.933,111,1973-2003,,yes,,ftp://ftp.ncdc.noaa.gov/pub/data/noaa/isd-history.txt,
LUCKNOW,India,26.761,80.889,125,1944-2016,,yes,,ftp://ftp.ncdc.noaa.gov/pub/data/noaa/isd-history.txt,
FURSATGANJ,India,36.25,81.367,116,2013-2016,,yes,,ftp://ftp.ncdc.noaa.gov/pub/data/noaa/isd-history.txt,
FAIZABAD,India,26.75,82.083,102,2002-2016,,yes,,ftp://ftp.ncdc.noaa.gov/pub/data/noaa/isd-history.txt,
SULTANPUR,India,26.25,82,97,1999-2016,,yes,,ftp://ftp.ncdc.noaa.gov/pub/data/noaa/isd-history.txt,
GORAKHPUR,India,26.74,83.45,78.9,1944-2016,,yes,,ftp://ftp.ncdc.noaa.gov/pub/data/noaa/isd-history.txt,
AZAMGARH,India,26.05,83.217,78,1973-1980,,yes,,ftp://ftp.ncdc.noaa.gov/pub/data/noaa/isd-history.txt,
RAXAUL,India,26.983,84.85,79,1973-2016,,yes,,ftp://ftp.ncdc.noaa.gov/pub/data/noaa/isd-history.txt,
MOTIHARI,India,26.667,84.917,66,1944-2016,,yes,,ftp://ftp.ncdc.noaa.gov/pub/data/noaa/isd-history.txt,
MUZAFFARPUR,India,26.117,85.4,53,1974-2016,,yes,,ftp://ftp.ncdc.noaa.gov/pub/data/noaa/isd-history.txt,
MUZAFFARPUR AERODROME,India,26.117,85.317,53,2001-2014,,yes,,ftp://ftp.ncdc.noaa.gov/pub/data/noaa/isd-history.txt,
DARBHANGA,India,26.167,85.9,49,1944-2016,,yes,,ftp://ftp.ncdc.noaa.gov/pub/data/noaa/isd-history.txt,
SUPAUL,India,26.133,86.583,50,2001-2016,,yes,,ftp://ftp.ncdc.noaa.gov/pub/data/noaa/isd-history.txt,
FORBESGANJ,India,26.3,87.267,61,1973-2016,,yes,,ftp://ftp.ncdc.noaa.gov/pub/data/noaa/isd-history.txt,
SILIGURI,India,26.667,88.367,123,1999-2003,,yes,,ftp://ftp.ncdc.noaa.gov/pub/data/noaa/isd-history.txt,
BAGDOGRA,India,26.681,88.329,125.6,1957-2016,,yes,,ftp://ftp.ncdc.noaa.gov/pub/data/noaa/isd-history.txt,
JALPAIGURI,India,26.533,88.717,83,1944-2016,,yes,,ftp://ftp.ncdc.noaa.gov/pub/data/noaa/isd-history.txt,
COOCH BEHAR,India,26.333,89.467,43,1943-2016,,yes,,ftp://ftp.ncdc.noaa.gov/pub/data/noaa/isd-history.txt,
DHUBRI,India,26.017,89.983,36,1944-2016,,yes,,ftp://ftp.ncdc.noaa.gov/pub/data/noaa/isd-history.txt,
DHUBRI/RUPSI,India,26.15,89.917,45,1945-1945,,yes,,ftp://ftp.ncdc.noaa.gov/pub/data/noaa/isd-history.txt,
GOALPARA,India,26.183,90.633,38,1973-2016,,yes,,ftp://ftp.ncdc.noaa.gov/pub/data/noaa/isd-history.txt,
RANGIA,India,26.433,91.617,60,2015-2016,,yes,,ftp://ftp.ncdc.noaa.gov/pub/data/noaa/isd-history.txt,
TANGLA,India,26.65,91.917,65,1974-2016,,yes,,ftp://ftp.ncdc.noaa.gov/pub/data/noaa/isd-history.txt,
GUWAHATI INTL,India,26.106,91.586,49.4,1944-2016,,yes,,ftp://ftp.ncdc.noaa.gov/pub/data/noaa/isd-history.txt,
MAJBAT,India,26.75,92.35,120,2001-2016,,yes,,ftp://ftp.ncdc.noaa.gov/pub/data/noaa/isd-history.txt,
CHAPARMUKH,India,26.2,92.517,66,1973-2016,,yes,,ftp://ftp.ncdc.noaa.gov/pub/data/noaa/isd-history.txt,
TEZPUR,India,26.617,92.783,79,1944-2016,,yes,,ftp://ftp.ncdc.noaa.gov/pub/data/noaa/isd-history.txt,
TEZPUR/BINDUKURI,India,26.717,92.8,75,1943-1980,,yes,,ftp://ftp.ncdc.noaa.gov/pub/data/noaa/isd-history.txt,
GOHPUR,India,26.833,93.583,82,1983-2007,,yes,,ftp://ftp.ncdc.noaa.gov/pub/data/noaa/isd-history.txt,
GOLAGHAT,India,26.517,93.983,95,1974-2016,,yes,,ftp://ftp.ncdc.noaa.gov/pub/data/noaa/isd-history.txt,
JORHAT,India,26.067,90.167,880,1943-2016,,yes,,ftp://ftp.ncdc.noaa.gov/pub/data/noaa/isd-history.txt,
JORHAT,India,26.732,94.176,94.8,2016-2016,,yes,,ftp://ftp.ncdc.noaa.gov/pub/data/noaa/isd-history.txt,
BARMER,India,25.75,71.383,194,1944-2016,,yes,,ftp://ftp.ncdc.noaa.gov/pub/data/noaa/isd-history.txt,
JALORE,India,25.35,72.617,168,2015-2016,,yes,,ftp://ftp.ncdc.noaa.gov/pub/data/noaa/isd-history.txt,
ERINPURA /JAWAI DAM SITE,India,25.083,73.083,295,1945-2016,,yes,,ftp://ftp.ncdc.noaa.gov/pub/data/noaa/isd-history.txt,
BHILWARA,India,25.35,74.633,425,2002-2003,,yes,,ftp://ftp.ncdc.noaa.gov/pub/data/noaa/isd-history.txt,
BUNDI,India,25.45,75.633,267,2003-2016,,yes,,ftp://ftp.ncdc.noaa.gov/pub/data/noaa/isd-history.txt,
KOTA-IN-RAJASTHAN,India,25.183,75.85,256,1944-1978,,yes,,ftp://ftp.ncdc.noaa.gov/pub/data/noaa/isd-history.txt,
KOTA,India,25.16,75.846,273.1,1973-2016,,yes,,ftp://ftp.ncdc.noaa.gov/pub/data/noaa/isd-history.txt,
SAWAI MADHOPUR,India,25.983,76.367,264,2001-2016,,yes,,ftp://ftp.ncdc.noaa.gov/pub/data/noaa/isd-history.txt,
SHEOPUR,India,25.667,76.683,235,1973-2016,,yes,,ftp://ftp.ncdc.noaa.gov/pub/data/noaa/isd-history.txt,
SHIVPURI,India,25.333,77.65,464,2002-2016,,yes,,ftp://ftp.ncdc.noaa.gov/pub/data/noaa/isd-history.txt,
DATIA,India,25.667,78.467,229,2002-2016,,yes,,ftp://ftp.ncdc.noaa.gov/pub/data/noaa/isd-history.txt,
JHANSI,India,25.491,78.558,244.1,1944-2016,,yes,,ftp://ftp.ncdc.noaa.gov/pub/data/noaa/isd-history.txt,
NOWGONG,India,25.067,79.45,229,1944-2016,,yes,,ftp://ftp.ncdc.noaa.gov/pub/data/noaa/isd-history.txt,
ORAI,India,25.983,79.5,141,2003-2016,,yes,,ftp://ftp.ncdc.noaa.gov/pub/data/noaa/isd-history.txt,
HAMIRPUR,India,25.95,80.15,109,2009-2016,,yes,,ftp://ftp.ncdc.noaa.gov/pub/data/noaa/isd-history.txt,
FATEHPUR,India,25.933,80.833,114,1973-2002,,yes,,ftp://ftp.ncdc.noaa.gov/pub/data/noaa/isd-history.txt,
BANDA,India,25.467,80.367,121,2004-2016,,yes,,ftp://ftp.ncdc.noaa.gov/pub/data/noaa/isd-history.txt,
ALLAHABAD,India,25.441,81.735,98.1,1942-2016,,yes,,ftp://ftp.ncdc.noaa.gov/pub/data/noaa/isd-history.txt,
VARANASI,India,25.452,82.859,81.1,1973-2016,,yes,,ftp://ftp.ncdc.noaa.gov/pub/data/noaa/isd-history.txt,
GHAZIPUR,India,25.4,83.55,67,2001-2016,,yes,,ftp://ftp.ncdc.noaa.gov/pub/data/noaa/isd-history.txt,
VARANASI,India,25.3,83.017,90,1944-2016,,yes,,ftp://ftp.ncdc.noaa.gov/pub/data/noaa/isd-history.txt,
BALLIA,India,25.75,84.167,64,2002-2007,,yes,,ftp://ftp.ncdc.noaa.gov/pub/data/noaa/isd-history.txt,
CHAPRA,India,25.783,84.733,58,2005-2016,,yes,,ftp://ftp.ncdc.noaa.gov/pub/data/noaa/isd-history.txt,
PATNA,India,25.591,85.088,51.8,1944-2016,,yes,,ftp://ftp.ncdc.noaa.gov/pub/data/noaa/isd-history.txt,
BHAGALPUR,India,25.233,86.95,49,1957-2016,,yes,,ftp://ftp.ncdc.noaa.gov/pub/data/noaa/isd-history.txt,
SABAUR,India,25.233,87.067,37,2002-2016,,yes,,ftp://ftp.ncdc.noaa.gov/pub/data/noaa/isd-history.txt,
PURNEA,India,25.267,87.467,38,1944-2016,,yes,,ftp://ftp.ncdc.noaa.gov/pub/data/noaa/isd-history.txt,
MALDA,India,25.033,88.133,31,1973-2016,,yes,,ftp://ftp.ncdc.noaa.gov/pub/data/noaa/isd-history.txt,
BALURGHAT,India,25.217,88.783,26,2003-2016,,yes,,ftp://ftp.ncdc.noaa.gov/pub/data/noaa/isd-history.txt,
TURA,India,25.517,90.233,370,1973-2003,,yes,,ftp://ftp.ncdc.noaa.gov/pub/data/noaa/isd-history.txt,
BARAPANI,India,25.7,91.967,893,2015-2016,,yes,,ftp://ftp.ncdc.noaa.gov/pub/data/noaa/isd-history.txt,
CHERRAPUNJI,India,25.25,91.733,1313,1944-2016,,yes,,ftp://ftp.ncdc.noaa.gov/pub/data/noaa/isd-history.txt,
SHILLONG,India,25.567,91.883,1598,1944-2016,,yes,,ftp://ftp.ncdc.noaa.gov/pub/data/noaa/isd-history.txt,
HAFLONG,India,25.167,93.017,682,2015-2016,,yes,,ftp://ftp.ncdc.noaa.gov/pub/data/noaa/isd-history.txt,
LUMDING,India,25.75,93.183,149,1973-2016,,yes,,ftp://ftp.ncdc.noaa.gov/pub/data/noaa/isd-history.txt,
KOHIMA,India,25.633,94.167,1406,1977-2016,,yes,,ftp://ftp.ncdc.noaa.gov/pub/data/noaa/isd-history.txt,
DEESA,India,24.2,72.2,136,1944-2016,,yes,,ftp://ftp.ncdc.noaa.gov/pub/data/noaa/isd-history.txt,
MOUNT ABU,India,24.6,72.717,1195,1944-2016,,yes,,ftp://ftp.ncdc.noaa.gov/pub/data/noaa/isd-history.txt,
UDAIPUR,India,24.618,73.896,513.3,1975-2016,,yes,,ftp://ftp.ncdc.noaa.gov/pub/data/noaa/isd-history.txt,
UDAIPUR,India,24.583,73.7,582,1944-1978,,yes,,ftp://ftp.ncdc.noaa.gov/pub/data/noaa/isd-history.txt,
CHITTORGARH,India,24.883,74.633,404,2009-2016,,yes,,ftp://ftp.ncdc.noaa.gov/pub/data/noaa/isd-history.txt,
NIMACH,India,24.467,74.9,496,1944-2003,,yes,,ftp://ftp.ncdc.noaa.gov/pub/data/noaa/isd-history.txt,
CHAMBAL/RAWAT BHATA,India,24.917,75.583,351,2004-2009,,yes,,ftp://ftp.ncdc.noaa.gov/pub/data/noaa/isd-history.txt,
JHALAWAR,India,24.533,76.167,321,1944-2003,,yes,,ftp://ftp.ncdc.noaa.gov/pub/data/noaa/isd-history.txt,
RAJGARH,India,24,76.717,382,2003-2016,,yes,,ftp://ftp.ncdc.noaa.gov/pub/data/noaa/isd-history.txt,
GUNA,India,24.65,77.317,478,1944-2016,,yes,,ftp://ftp.ncdc.noaa.gov/pub/data/noaa/isd-history.txt,
TIKAMGARH,India,24.767,78.833,345,2003-2016,,yes,,ftp://ftp.ncdc.noaa.gov/pub/data/noaa/isd-history.txt,
KHAJURAHO,India,24.983,79.917,217,2002-2016,,yes,,ftp://ftp.ncdc.noaa.gov/pub/data/noaa/isd-history.txt,
PANNA,India,24.717,80.167,354,2001-2014,,yes,,ftp://ftp.ncdc.noaa.gov/pub/data/noaa/isd-history.txt,
SATNA,India,24.567,80.833,317,1944-2016,,yes,,ftp://ftp.ncdc.noaa.gov/pub/data/noaa/isd-history.txt,
REWA,India,24.533,81.3,299,2009-2016,,yes,,ftp://ftp.ncdc.noaa.gov/pub/data/noaa/isd-history.txt,
SIDHI,India,24.417,81.867,272,1973-2016,,yes,,ftp://ftp.ncdc.noaa.gov/pub/data/noaa/isd-history.txt,
DALTONGANJ,India,24.05,84.067,221,1944-2016,,yes,,ftp://ftp.ncdc.noaa.gov/pub/data/noaa/isd-history.txt,
DEHRI,India,24.917,84.183,107,1973-2016,,yes,,ftp://ftp.ncdc.noaa.gov/pub/data/noaa/isd-history.txt,
GAYA,India,24.744,84.951,115.8,1942-2016,,yes,,ftp://ftp.ncdc.noaa.gov/pub/data/noaa/isd-history.txt,
JAMUI,India,24.933,86.3,82,2012-2012,,yes,,ftp://ftp.ncdc.noaa.gov/pub/data/noaa/isd-history.txt,
DUMKA,India,24.267,87.25,149,1944-2016,,yes,,ftp://ftp.ncdc.noaa.gov/pub/data/noaa/isd-history.txt,
BERHAMPORE,India,24.133,88.267,19,1944-2016,,yes,,ftp://ftp.ncdc.noaa.gov/pub/data/noaa/isd-history.txt,
KAILASHAHAR,India,24.317,92,30,1945-2016,,yes,,ftp://ftp.ncdc.noaa.gov/pub/data/noaa/isd-history.txt,
SILCHAR,India,24.75,92.8,29,1944-2016,,yes,,ftp://ftp.ncdc.noaa.gov/pub/data/noaa/isd-history.txt,
SILCHAR/KUMBHIRGRAM,India,24.917,92.983,105,1986-1991,,yes,,ftp://ftp.ncdc.noaa.gov/pub/data/noaa/isd-history.txt,
IMPHAL,India,24.76,93.897,774.2,1944-2016,,yes,,ftp://ftp.ncdc.noaa.gov/pub/data/noaa/isd-history.txt,
NALIYA,India,23.25,68.85,21,1973-2016,,yes,,ftp://ftp.ncdc.noaa.gov/pub/data/noaa/isd-history.txt,
BHUJ,India,23.288,69.67,81.7,1944-2016,,yes,,ftp://ftp.ncdc.noaa.gov/pub/data/noaa/isd-history.txt,
KANDLA AERODROME,India,23.15,70.117,29,2004-2016,,yes,,ftp://ftp.ncdc.noaa.gov/pub/data/noaa/isd-history.txt,
NEW KANDLA,India,23,70.217,14,2003-2016,,yes,,ftp://ftp.ncdc.noaa.gov/pub/data/noaa/isd-history.txt,
MT HOREB,India,42.983,-89.75,370,1986-1986,,yes,,ftp://ftp.ncdc.noaa.gov/pub/data/noaa/isd-history.txt,
AHMEDABAD,India,23.077,72.635,57.6,1944-2016,,yes,,ftp://ftp.ncdc.noaa.gov/pub/data/noaa/isd-history.txt,
IDAR,India,23.833,73.033,219,2009-2016,,yes,,ftp://ftp.ncdc.noaa.gov/pub/data/noaa/isd-history.txt,
DUNGARPUR,India,23.833,73.667,291,2001-2002,,yes,,ftp://ftp.ncdc.noaa.gov/pub/data/noaa/isd-history.txt,
GANDHINAGAR,India,23.233,72.717,82,2015-2016,,yes,,ftp://ftp.ncdc.noaa.gov/pub/data/noaa/isd-history.txt,
BANSWARA,India,23.55,74.45,220,2002-2009,,yes,,ftp://ftp.ncdc.noaa.gov/pub/data/noaa/isd-history.txt,
RATLAM,India,23.317,75.05,486,1973-2016,,yes,,ftp://ftp.ncdc.noaa.gov/pub/data/noaa/isd-history.txt,
UJJAIN,India,23.183,75.783,489,2002-2016,,yes,,ftp://ftp.ncdc.noaa.gov/pub/data/noaa/isd-history.txt,
SHAJAPUR,India,23.433,76.317,446,2001-2016,,yes,,ftp://ftp.ncdc.noaa.gov/pub/data/noaa/isd-history.txt,
BHOPAL,India,23.287,77.337,524,1944-2016,,yes,,ftp://ftp.ncdc.noaa.gov/pub/data/noaa/isd-history.txt,
VIDISHA,India,23.533,77.817,430,2001-2001,,yes,,ftp://ftp.ncdc.noaa.gov/pub/data/noaa/isd-history.txt,
SAGAR,India,23.85,78.75,551,1944-2016,,yes,,ftp://ftp.ncdc.noaa.gov/pub/data/noaa/isd-history.txt,
RAISEN,India,23.317,77.833,440,1984-2016,,yes,,ftp://ftp.ncdc.noaa.gov/pub/data/noaa/isd-history.txt,
DAMOH,India,23.833,79.45,371,2004-2016,,yes,,ftp://ftp.ncdc.noaa.gov/pub/data/noaa/isd-history.txt,
JABALPUR,India,23.178,80.052,495,1944-2016,,yes,,ftp://ftp.ncdc.noaa.gov/pub/data/noaa/isd-history.txt,
UMARIA,India,23.533,80.883,459,1973-2016,,yes,,ftp://ftp.ncdc.noaa.gov/pub/data/noaa/isd-history.txt,
AMBIKAPUR,India,23.167,83.25,611,1973-2016,,yes,,ftp://ftp.ncdc.noaa.gov/pub/data/noaa/isd-history.txt,
HAZARIBAGH,India,23.983,85.367,611,1944-2011,,yes,,ftp://ftp.ncdc.noaa.gov/pub/data/noaa/isd-history.txt,
RANCHI,India,23.433,85.4,647,1973-2014,,yes,,ftp://ftp.ncdc.noaa.gov/pub/data/noaa/isd-history.txt,
BIRSA MUNDA,India,23.314,85.322,654.7,1944-2016,,yes,,ftp://ftp.ncdc.noaa.gov/pub/data/noaa/isd-history.txt,
DHANBAD,India,23.783,86.433,257,2001-2016,,yes,,ftp://ftp.ncdc.noaa.gov/pub/data/noaa/isd-history.txt,
PANAGARH,India,23.467,87.433,74,1943-2002,,yes,,ftp://ftp.ncdc.noaa.gov/pub/data/noaa/isd-history.txt,
PURULIA,India,23.333,86.417,255,1944-2016,,yes,,ftp://ftp.ncdc.noaa.gov/pub/data/noaa/isd-history.txt,
KULLU MANALI,India,31.877,77.154,1089.1,2004-2016,,yes,,ftp://ftp.ncdc.noaa.gov/pub/data/noaa/isd-history.txt,
CHANDIGARH,India,30.673,76.789,308.5,2006-2016,,yes,,ftp://ftp.ncdc.noaa.gov/pub/data/noaa/isd-history.txt,
LEH,India,34.136,77.547,3255.9,2006-2016,,yes,,ftp://ftp.ncdc.noaa.gov/pub/data/noaa/isd-history.txt,
CALICUT,India,11.137,75.955,104.2,2010-2016,,yes,,ftp://ftp.ncdc.noaa.gov/pub/data/noaa/isd-history.txt,
BANGALURU INTL AIRPORT,India,13.2,77.7,915,2008-2016,,yes,,ftp://ftp.ncdc.noaa.gov/pub/data/noaa/isd-history.txt,
BANKURA,India,23.383,87.083,100,2005-2016,,yes,,ftp://ftp.ncdc.noaa.gov/pub/data/noaa/isd-history.txt,
SHANTI NIKETAN,India,23.65,87.7,59,2001-2016,,yes,,ftp://ftp.ncdc.noaa.gov/pub/data/noaa/isd-history.txt,
BURDWAN,India,23.233,87.85,30,1944-2016,,yes,,ftp://ftp.ncdc.noaa.gov/pub/data/noaa/isd-history.txt,
KRISHNANAGAR,India,23.4,88.517,15,1995-2016,,yes,,ftp://ftp.ncdc.noaa.gov/pub/data/noaa/isd-history.txt,
BAGATI,India,22.983,88.367,12,1980-2016,,yes,,ftp://ftp.ncdc.noaa.gov/pub/data/noaa/isd-history.txt,
MALANJKHAND,India,22,80.7,581,2001-2016,,yes,,ftp://ftp.ncdc.noaa.gov/pub/data/noaa/isd-history.txt,
AGARTALA,India,23.887,91.24,14,1945-2016,,yes,,ftp://ftp.ncdc.noaa.gov/pub/data/noaa/isd-history.txt,
LENGPUI,India,23.841,92.62,426.1,2015-2016,,yes,,ftp://ftp.ncdc.noaa.gov/pub/data/noaa/isd-history.txt,
AIJAL,India,23.733,92.717,1097,1954-2016,,yes,,ftp://ftp.ncdc.noaa.gov/pub/data/noaa/isd-history.txt,
LENGPUI,India,23.841,92.62,426.1,2010-2010,,yes,,ftp://ftp.ncdc.noaa.gov/pub/data/noaa/isd-history.txt,
MANDVI,India,22.817,69.267,9,2001-2015,,yes,,ftp://ftp.ncdc.noaa.gov/pub/data/noaa/isd-history.txt,
OKHA,India,22.483,69.117,7,2001-2016,,yes,,ftp://ftp.ncdc.noaa.gov/pub/data/noaa/isd-history.txt,
DWARKA,India,22.367,69.083,11,1944-2016,,yes,,ftp://ftp.ncdc.noaa.gov/pub/data/noaa/isd-history.txt,
JAMNAGAR,India,22.45,70.083,14,1973-1976,,yes,,ftp://ftp.ncdc.noaa.gov/pub/data/noaa/isd-history.txt,
RAJKOT,India,22.309,70.78,134.4,1944-2016,,yes,,ftp://ftp.ncdc.noaa.gov/pub/data/noaa/isd-history.txt,
RAIPUR,India,21.18,81.739,317.3,2006-2016,,yes,,ftp://ftp.ncdc.noaa.gov/pub/data/noaa/isd-history.txt,
SURENDRANAGAR,India,22.733,71.6,74,1973-2016,,yes,,ftp://ftp.ncdc.noaa.gov/pub/data/noaa/isd-history.txt,
VALLABH VIDYANAGAR,India,22.567,72.933,44,1983-2016,,yes,,ftp://ftp.ncdc.noaa.gov/pub/data/noaa/isd-history.txt,
BARODA,India,22.3,73.25,34,1944-2016,,yes,,ftp://ftp.ncdc.noaa.gov/pub/data/noaa/isd-history.txt,
BARODA AERODROME,India,22.333,73.267,37,2003-2016,,yes,,ftp://ftp.ncdc.noaa.gov/pub/data/noaa/isd-history.txt,
DOHAD,India,22.833,74.267,333,1944-2005,,yes,,ftp://ftp.ncdc.noaa.gov/pub/data/noaa/isd-history.txt,
DHAR,India,22.6,75.3,583,1974-2016,,yes,,ftp://ftp.ncdc.noaa.gov/pub/data/noaa/isd-history.txt,
DEVI AHILYABAI HOLKAR,India,22.722,75.801,563.9,1944-2016,,yes,,ftp://ftp.ncdc.noaa.gov/pub/data/noaa/isd-history.txt,
HOSHANGABAD,India,22.767,77.767,302,1944-2016,,yes,,ftp://ftp.ncdc.noaa.gov/pub/data/noaa/isd-history.txt,
PACHMARHI,India,22.467,78.433,1075,1944-2016,,yes,,ftp://ftp.ncdc.noaa.gov/pub/data/noaa/isd-history.txt,
CHHINDWARA,India,22.1,79,685,2002-2016,,yes,,ftp://ftp.ncdc.noaa.gov/pub/data/noaa/isd-history.txt,
NARSINGHPUR,India,22.95,79.183,356,2001-2016,,yes,,ftp://ftp.ncdc.noaa.gov/pub/data/noaa/isd-history.txt,
SEONI,India,22.083,79.55,619,1944-2016,,yes,,ftp://ftp.ncdc.noaa.gov/pub/data/noaa/isd-history.txt,
MANDLA,India,22.583,80.367,443,2007-2016,,yes,,ftp://ftp.ncdc.noaa.gov/pub/data/noaa/isd-history.txt,
PENDRA ROAD,India,22.767,81.9,625,1944-2016,,yes,,ftp://ftp.ncdc.noaa.gov/pub/data/noaa/isd-history.txt,
BILASPUR,India,21.988,82.111,274,2011-2016,,yes,,ftp://ftp.ncdc.noaa.gov/pub/data/noaa/isd-history.txt,
CHAMPA,India,22.033,82.7,245,1973-2009,,yes,,ftp://ftp.ncdc.noaa.gov/pub/data/noaa/isd-history.txt,
JASHPURNAGAR,India,22.883,84.133,771,2001-2016,,yes,,ftp://ftp.ncdc.noaa.gov/pub/data/noaa/isd-history.txt,
SUNDARGARH,India,22.117,84.033,240,2002-2016,,yes,,ftp://ftp.ncdc.noaa.gov/pub/data/noaa/isd-history.txt,
CHAIBASA,India,22.55,85.817,226,1944-2016,,yes,,ftp://ftp.ncdc.noaa.gov/pub/data/noaa/isd-history.txt,
JAMSHEDPUR,India,22.813,86.169,153.9,1973-2016,,yes,,ftp://ftp.ncdc.noaa.gov/pub/data/noaa/isd-history.txt,
JAMSHEDPUR,India,22.817,86.183,129,1945-2016,,yes,,ftp://ftp.ncdc.noaa.gov/pub/data/noaa/isd-history.txt,
KALAIKUNDA,India,22.333,87.217,62,1944-1945,,yes,,ftp://ftp.ncdc.noaa.gov/pub/data/noaa/isd-history.txt,
MIDNAPORE,India,22.417,87.317,45,1973-2016,,yes,,ftp://ftp.ncdc.noaa.gov/pub/data/noaa/isd-history.txt,
ULUBERIA,India,22.5,87.95,5,1981-2016,,yes,,ftp://ftp.ncdc.noaa.gov/pub/data/noaa/isd-history.txt,
CALCUTTA/ALIPORE,India,22.533,88.333,6,1944-2016,,yes,,ftp://ftp.ncdc.noaa.gov/pub/data/noaa/isd-history.txt,
CALCUTTA/BARRACKS,India,22.767,88.367,7,1944-1946,,yes,,ftp://ftp.ncdc.noaa.gov/pub/data/noaa/isd-history.txt,
NETAJI SUBHASH CHANDRA BOSE I,India,22.655,88.447,4.9,1943-2016,,yes,,ftp://ftp.ncdc.noaa.gov/pub/data/noaa/isd-history.txt,
BASIRHAT,India,22.65,88.867,4,2015-2016,,yes,,ftp://ftp.ncdc.noaa.gov/pub/data/noaa/isd-history.txt,
DIAMOND HARBOUR,India,22.183,88.2,7,2001-2016,,yes,,ftp://ftp.ncdc.noaa.gov/pub/data/noaa/isd-history.txt,
CANNING,India,22.25,88.667,4,2009-2016,,yes,,ftp://ftp.ncdc.noaa.gov/pub/data/noaa/isd-history.txt,
PORBANDAR,India,21.65,69.667,5,1973-2016,,yes,,ftp://ftp.ncdc.noaa.gov/pub/data/noaa/isd-history.txt,
KESHOD,India,21.317,70.317,50,2001-2001,,yes,,ftp://ftp.ncdc.noaa.gov/pub/data/noaa/isd-history.txt,
AMRELI,India,21.6,71.217,115,1974-2016,,yes,,ftp://ftp.ncdc.noaa.gov/pub/data/noaa/isd-history.txt,
MAHUVA,India,21.083,71.783,9,2001-2016,,yes,,ftp://ftp.ncdc.noaa.gov/pub/data/noaa/isd-history.txt,
BHAUNAGAR,India,21.75,72.2,5,1973-2016,,yes,,ftp://ftp.ncdc.noaa.gov/pub/data/noaa/isd-history.txt,
SURAT,India,21.2,72.833,12,1944-2016,,yes,,ftp://ftp.ncdc.noaa.gov/pub/data/noaa/isd-history.txt,
BROACH,India,21.733,73,17,2001-2003,,yes,,ftp://ftp.ncdc.noaa.gov/pub/data/noaa/isd-history.txt,
NANDURBAR,India,21.333,74.25,206,2016-2016,,yes,,ftp://ftp.ncdc.noaa.gov/pub/data/noaa/isd-history.txt,
KHARGONE,India,21.817,75.617,251,2009-2016,,yes,,ftp://ftp.ncdc.noaa.gov/pub/data/noaa/isd-history.txt,
JALGAON,India,21.05,75.567,201,1944-2016,,yes,,ftp://ftp.ncdc.noaa.gov/pub/data/noaa/isd-history.txt,
KHANDWA,India,21.833,76.367,318,1944-2016,,yes,,ftp://ftp.ncdc.noaa.gov/pub/data/noaa/isd-history.txt,
BETUL,India,21.867,77.933,653,1973-2016,,yes,,ftp://ftp.ncdc.noaa.gov/pub/data/noaa/isd-history.txt,
NAGPUR (MAYO HOSPITAL),India,21.15,79.117,311,1986-2002,,yes,,ftp://ftp.ncdc.noaa.gov/pub/data/noaa/isd-history.txt,
DR AMBEDKAR INTL,India,21.092,79.047,314.9,1944-2016,,yes,,ftp://ftp.ncdc.noaa.gov/pub/data/noaa/isd-history.txt,
GONDIA,India,21.467,80.2,313,1973-2016,,yes,,ftp://ftp.ncdc.noaa.gov/pub/data/noaa/isd-history.txt,
MANA,India,22.233,81.65,313,2015-2016,,yes,,ftp://ftp.ncdc.noaa.gov/pub/data/noaa/isd-history.txt,
PBO RAIPUR,India,21.233,81.65,298,1996-2016,,yes,,ftp://ftp.ncdc.noaa.gov/pub/data/noaa/isd-history.txt,
RAIPUR,India,21.217,81.667,294,1944-2016,,yes,,ftp://ftp.ncdc.noaa.gov/pub/data/noaa/isd-history.txt,
DURG,India,21.183,81.283,293,2002-2016,,yes,,ftp://ftp.ncdc.noaa.gov/pub/data/noaa/isd-history.txt,
SAMBALPUR,India,21.467,83.967,148,1944-2016,,yes,,ftp://ftp.ncdc.noaa.gov/pub/data/noaa/isd-history.txt,
RAIGARH,India,21.883,83.383,220,1999-2007,,yes,,ftp://ftp.ncdc.noaa.gov/pub/data/noaa/isd-history.txt,
JHARSUGUDA,India,21.914,84.05,228.9,1957-2016,,yes,,ftp://ftp.ncdc.noaa.gov/pub/data/noaa/isd-history.txt,
KEONGJHARGARH,India,21.617,85.517,463,2001-2016,,yes,,ftp://ftp.ncdc.noaa.gov/pub/data/noaa/isd-history.txt,
BARIPADA,India,21.933,86.767,54,2009-2016,,yes,,ftp://ftp.ncdc.noaa.gov/pub/data/noaa/isd-history.txt,
BALASORE,India,21.517,86.933,20,1944-2016,,yes,,ftp://ftp.ncdc.noaa.gov/pub/data/noaa/isd-history.txt,
CONTAI,India,21.783,87.75,11,2002-2016,,yes,,ftp://ftp.ncdc.noaa.gov/pub/data/noaa/isd-history.txt,
DIGHA,India,21.617,87.5,6,2003-2016,,yes,,ftp://ftp.ncdc.noaa.gov/pub/data/noaa/isd-history.txt,
SAGAR ISLAND,India,21.65,88.05,3,1944-2002,,yes,,ftp://ftp.ncdc.noaa.gov/pub/data/noaa/isd-history.txt,
VERAVAL,India,20.9,70.367,8,1944-2016,,yes,,ftp://ftp.ncdc.noaa.gov/pub/data/noaa/isd-history.txt,
DIU,India,20.717,70.917,15,2015-2016,,yes,,ftp://ftp.ncdc.noaa.gov/pub/data/noaa/isd-history.txt,
BULSAR,India,20.617,72.933,15,2003-2016,,yes,,ftp://ftp.ncdc.noaa.gov/pub/data/noaa/isd-history.txt,
DAMAN,India,20.417,72.85,12,1978-2016,,yes,,ftp://ftp.ncdc.noaa.gov/pub/data/noaa/isd-history.txt,
NASIK OZAR,India,20.133,73.917,599,1989-2006,,yes,,ftp://ftp.ncdc.noaa.gov/pub/data/noaa/isd-history.txt,
NASIK CITY,India,19.967,73.817,598,2006-2016,,yes,,ftp://ftp.ncdc.noaa.gov/pub/data/noaa/isd-history.txt,
MALEGAON,India,20.55,74.533,437,1944-2016,,yes,,ftp://ftp.ncdc.noaa.gov/pub/data/noaa/isd-history.txt,
BULDANA,India,20.533,76.233,650,1973-2016,,yes,,ftp://ftp.ncdc.noaa.gov/pub/data/noaa/isd-history.txt,
AKOLA,India,20.7,77.033,282,1944-2016,,yes,,ftp://ftp.ncdc.noaa.gov/pub/data/noaa/isd-history.txt,
AKOLA,India,20.699,77.059,304.5,1973-2016,,yes,,ftp://ftp.ncdc.noaa.gov/pub/data/noaa/isd-history.txt,
WASHIM,India,20.117,77.117,565,2009-2016,,yes,,ftp://ftp.ncdc.noaa.gov/pub/data/noaa/isd-history.txt,
AMRAOTI,India,20.933,77.783,370,1944-2016,,yes,,ftp://ftp.ncdc.noaa.gov/pub/data/noaa/isd-history.txt,
WARDHA,India,20.667,78.583,283,2007-2016,,yes,,ftp://ftp.ncdc.noaa.gov/pub/data/noaa/isd-history.txt,
YEOTMAL,India,20.4,78.15,451,1973-2016,,yes,,ftp://ftp.ncdc.noaa.gov/pub/data/noaa/isd-history.txt,
BRAMHAPURI,India,20.6,79.85,229,1983-2016,,yes,,ftp://ftp.ncdc.noaa.gov/pub/data/noaa/isd-history.txt,
RAJNANDGAON,India,21.1,81.033,329,2015-2016,,yes,,ftp://ftp.ncdc.noaa.gov/pub/data/noaa/isd-history.txt,
KANKER,India,20.267,81.483,402,1944-1979,,yes,,ftp://ftp.ncdc.noaa.gov/pub/data/noaa/isd-history.txt,
TITLAGARH,India,20.3,83.3,211,1973-2016,,yes,,ftp://ftp.ncdc.noaa.gov/pub/data/noaa/isd-history.txt,
BOLANGIR,India,20.7,83.5,190,2002-2016,,yes,,ftp://ftp.ncdc.noaa.gov/pub/data/noaa/isd-history.txt,
PHULBANI,India,20.483,84.267,489,2001-2016,,yes,,ftp://ftp.ncdc.noaa.gov/pub/data/noaa/isd-history.txt,
ANGUL,India,20.833,85.1,139,1973-2016,,yes,,ftp://ftp.ncdc.noaa.gov/pub/data/noaa/isd-history.txt,
CUTTACK,India,20.467,85.933,27,1944-2016,,yes,,ftp://ftp.ncdc.noaa.gov/pub/data/noaa/isd-history.txt,
BHUBANESHWAR,India,20.244,85.818,42.1,1957-2016,,yes,,ftp://ftp.ncdc.noaa.gov/pub/data/noaa/isd-history.txt,
CHANDBALI,India,20.783,86.733,6,1944-2016,,yes,,ftp://ftp.ncdc.noaa.gov/pub/data/noaa/isd-history.txt,
PARADIP (C.W.R.),India,20.3,86.683,8,2002-2016,,yes,,ftp://ftp.ncdc.noaa.gov/pub/data/noaa/isd-history.txt,
SANDHEADS,India,20.85,88.25,10,1944-2010,,yes,,ftp://ftp.ncdc.noaa.gov/pub/data/noaa/isd-history.txt,
BOGUS INDIAN,India,,,,1984-2004,,yes,,ftp://ftp.ncdc.noaa.gov/pub/data/noaa/isd-history.txt,
DAHANU,India,19.967,72.717,5,1944-2016,,yes,,ftp://ftp.ncdc.noaa.gov/pub/data/noaa/isd-history.txt,
CHHATRAPATI SHIVAJI INTL,India,19.089,72.868,11.3,1944-2016,,yes,,ftp://ftp.ncdc.noaa.gov/pub/data/noaa/isd-history.txt,
AHMADNAGAR,India,19.083,74.8,657,1944-2016,,yes,,ftp://ftp.ncdc.noaa.gov/pub/data/noaa/isd-history.txt,
BIR,India,19,75.717,519,2002-2016,,yes,,ftp://ftp.ncdc.noaa.gov/pub/data/noaa/isd-history.txt,
JALNA,India,19.833,75.8,538,2015-2016,,yes,,ftp://ftp.ncdc.noaa.gov/pub/data/noaa/isd-history.txt,
JALNA,India,19.833,75.8,519,1944-2016,,yes,,ftp://ftp.ncdc.noaa.gov/pub/data/noaa/isd-history.txt,
AURANGABAD,India,19.863,75.398,582.5,1973-2016,,yes,,ftp://ftp.ncdc.noaa.gov/pub/data/noaa/isd-history.txt,
PARBHANI,India,19.133,76.833,422,1944-2016,,yes,,ftp://ftp.ncdc.noaa.gov/pub/data/noaa/isd-history.txt,
PUSAD,India,19.917,77.583,332,1983-2016,,yes,,ftp://ftp.ncdc.noaa.gov/pub/data/noaa/isd-history.txt,
NANDED,India,19.083,77.333,358,2015-2016,,yes,,ftp://ftp.ncdc.noaa.gov/pub/data/noaa/isd-history.txt,
PRIYADARSHINI,India,19.75,78.033,457,2008-2008,,yes,,ftp://ftp.ncdc.noaa.gov/pub/data/noaa/isd-history.txt,
ADILABAD,India,19.65,78.533,269,1985-2002,,yes,,ftp://ftp.ncdc.noaa.gov/pub/data/noaa/isd-history.txt,
CHANDRAPUR,India,19.967,79.3,193,1944-2016,,yes,,ftp://ftp.ncdc.noaa.gov/pub/data/noaa/isd-history.txt,
JAGDALPUR,India,19.083,82.033,553,1944-2016,,yes,,ftp://ftp.ncdc.noaa.gov/pub/data/noaa/isd-history.txt,
BHAWANIPATNA,India,19.917,83.183,261,1981-2016,,yes,,ftp://ftp.ncdc.noaa.gov/pub/data/noaa/isd-history.txt,
GOPALPUR,India,19.267,84.883,17,1944-2016,,yes,,ftp://ftp.ncdc.noaa.gov/pub/data/noaa/isd-history.txt,
PURI,India,19.8,85.817,6,1973-2016,,yes,,ftp://ftp.ncdc.noaa.gov/pub/data/noaa/isd-history.txt,
BOMBAY / COLABA,India,18.9,72.817,11,2003-2016,,yes,,ftp://ftp.ncdc.noaa.gov/pub/data/noaa/isd-history.txt,
ALIBAG,India,18.633,72.867,7,2002-2016,,yes,,ftp://ftp.ncdc.noaa.gov/pub/data/noaa/isd-history.txt,
KHANDALA,India,18.767,73.367,539,1944-2007,,yes,,ftp://ftp.ncdc.noaa.gov/pub/data/noaa/isd-history.txt,
BHIRA,India,18.45,73.4,96,2007-2016,,yes,,ftp://ftp.ncdc.noaa.gov/pub/data/noaa/isd-history.txt,
POONA,India,18.583,73.917,592,1944-2016,,yes,,ftp://ftp.ncdc.noaa.gov/pub/data/noaa/isd-history.txt,
PUNE / LOHOGAON AERODROME,India,18.583,73.917,589,1988-2016,,yes,,ftp://ftp.ncdc.noaa.gov/pub/data/noaa/isd-history.txt,
BARAMATI,India,18.15,74.583,551,1984-2002,,yes,,ftp://ftp.ncdc.noaa.gov/pub/data/noaa/isd-history.txt,
JEUR,India,18.2,75.2,521,2015-2016,,yes,,ftp://ftp.ncdc.noaa.gov/pub/data/noaa/isd-history.txt,
UDGIR,India,18.067,77.117,639,2015-2016,,yes,,ftp://ftp.ncdc.noaa.gov/pub/data/noaa/isd-history.txt,
NIZAMABAD,India,18.667,78.1,381,1944-2016,,yes,,ftp://ftp.ncdc.noaa.gov/pub/data/noaa/isd-history.txt,
MEDAK,India,18.05,78.267,472,1987-2016,,yes,,ftp://ftp.ncdc.noaa.gov/pub/data/noaa/isd-history.txt,
RAMGUNDAM,India,18.767,79.433,156,1973-2016,,yes,,ftp://ftp.ncdc.noaa.gov/pub/data/noaa/isd-history.txt,
HANAMKONDA,India,18.017,79.567,269,1944-2016,,yes,,ftp://ftp.ncdc.noaa.gov/pub/data/noaa/isd-history.txt,
SIRONCHA,India,18.85,79.967,123,2001-2003,,yes,,ftp://ftp.ncdc.noaa.gov/pub/data/noaa/isd-history.txt,
BAILADILA,India,18.583,81.233,1144,1989-2016,,yes,,ftp://ftp.ncdc.noaa.gov/pub/data/noaa/isd-history.txt,
KORAPUT,India,18.817,82.717,913,1973-2016,,yes,,ftp://ftp.ncdc.noaa.gov/pub/data/noaa/isd-history.txt,
KALINGAPATAM,India,18.333,84.133,6,1944-2016,,yes,,ftp://ftp.ncdc.noaa.gov/pub/data/noaa/isd-history.txt,
HARNAI,India,17.817,73.1,20,1944-2016,,yes,,ftp://ftp.ncdc.noaa.gov/pub/data/noaa/isd-history.txt,
RATNAGIRI,India,16.983,73.333,67,1944-2016,,yes,,ftp://ftp.ncdc.noaa.gov/pub/data/noaa/isd-history.txt,
MAHABALESHWAR,India,17.933,73.667,1382,1944-2016,,yes,,ftp://ftp.ncdc.noaa.gov/pub/data/noaa/isd-history.txt,
SATARA,India,17.517,74.05,612,2002-2016,,yes,,ftp://ftp.ncdc.noaa.gov/pub/data/noaa/isd-history.txt,
SHOLAPUR,India,17.628,75.935,482.8,1944-2016,,yes,,ftp://ftp.ncdc.noaa.gov/pub/data/noaa/isd-history.txt,
GULBARGA,India,17.35,76.85,458,1944-2016,,yes,,ftp://ftp.ncdc.noaa.gov/pub/data/noaa/isd-history.txt,
BIDAR,India,17.917,77.533,663,1944-2016,,yes,,ftp://ftp.ncdc.noaa.gov/pub/data/noaa/isd-history.txt,
BEGUMPET AIRPORT,India,17.452,78.461,531,1944-2016,,yes,,ftp://ftp.ncdc.noaa.gov/pub/data/noaa/isd-history.txt,
HYDERABAD INTL AIRPORT,India,17.233,78.417,617,2008-2016,,yes,,ftp://ftp.ncdc.noaa.gov/pub/data/noaa/isd-history.txt,
HAKIMPET,India,17.55,78.517,613,1989-1989,,yes,,ftp://ftp.ncdc.noaa.gov/pub/data/noaa/isd-history.txt,
NALGONDA,India,17,79.25,227,1977-2016,,yes,,ftp://ftp.ncdc.noaa.gov/pub/data/noaa/isd-history.txt,
BHADRACHALAM,India,17.667,80.883,54,1973-2016,,yes,,ftp://ftp.ncdc.noaa.gov/pub/data/noaa/isd-history.txt,
KHAMMAM,India,17.25,80.15,112,1944-2016,,yes,,ftp://ftp.ncdc.noaa.gov/pub/data/noaa/isd-history.txt,
TUNI,India,17.35,82.55,35,2009-2016,,yes,,ftp://ftp.ncdc.noaa.gov/pub/data/noaa/isd-history.txt,
VISHAKHAPATNAM,India,17.717,83.233,3,1954-2016,,yes,,ftp://ftp.ncdc.noaa.gov/pub/data/noaa/isd-history.txt,
CWC VISHAKHAPATNAM/WALTAIR,India,17.7,83.3,66,1944-2016,,yes,,ftp://ftp.ncdc.noaa.gov/pub/data/noaa/isd-history.txt,
DEVGARH,India,16.383,73.35,36,1946-1986,,yes,,ftp://ftp.ncdc.noaa.gov/pub/data/noaa/isd-history.txt,
KOLHAPUR,India,16.665,74.289,608.4,1973-2016,,yes,,ftp://ftp.ncdc.noaa.gov/pub/data/noaa/isd-history.txt,
SANGLI,India,16.85,74.6,549,1975-2016,,yes,,ftp://ftp.ncdc.noaa.gov/pub/data/noaa/isd-history.txt,
BAGALKOTE,India,16.7,75.75,524,1944-2016,,yes,,ftp://ftp.ncdc.noaa.gov/pub/data/noaa/isd-history.txt,
BIJAPUR,India,16.817,75.717,594,1944-2016,,yes,,ftp://ftp.ncdc.noaa.gov/pub/data/noaa/isd-history.txt,
MAHABUBNAGAR,India,16.75,78,505,2009-2016,,yes,,ftp://ftp.ncdc.noaa.gov/pub/data/noaa/isd-history.txt,
RAICHUR,India,16.2,77.35,400,1944-2016,,yes,,ftp://ftp.ncdc.noaa.gov/pub/data/noaa/isd-history.txt,
RENTACHINTALA,India,16.55,79.55,106,1944-2016,,yes,,ftp://ftp.ncdc.noaa.gov/pub/data/noaa/isd-history.txt,
VIJAYAWADA,India,16.517,80.617,20,2001-2002,,yes,,ftp://ftp.ncdc.noaa.gov/pub/data/noaa/isd-history.txt,
VIJAYAWADA,India,16.53,80.797,25,1973-2016,,yes,,ftp://ftp.ncdc.noaa.gov/pub/data/noaa/isd-history.txt,
NANDIGAMA,India,16.783,80.283,51,2009-2016,,yes,,ftp://ftp.ncdc.noaa.gov/pub/data/noaa/isd-history.txt,
NIDADAVOLE,India,16.833,81.583,13,2001-2016,,yes,,ftp://ftp.ncdc.noaa.gov/pub/data/noaa/isd-history.txt,
MACHILIPATNAM/FRANCHPET,India,16.2,81.15,3,1954-2016,,yes,,ftp://ftp.ncdc.noaa.gov/pub/data/noaa/isd-history.txt,
NARSAPUR,India,16.433,81.7,4,2004-2016,,yes,,ftp://ftp.ncdc.noaa.gov/pub/data/noaa/isd-history.txt,
KAKINADA,India,16.95,82.233,8,1944-2016,,yes,,ftp://ftp.ncdc.noaa.gov/pub/data/noaa/isd-history.txt,
GOA/PANJIM,India,15.483,73.817,58.4,1973-2016,,yes,,ftp://ftp.ncdc.noaa.gov/pub/data/noaa/isd-history.txt,
VENGURLA,India,15.867,73.633,16,1956-2016,,yes,,ftp://ftp.ncdc.noaa.gov/pub/data/noaa/isd-history.txt,
GOA,India,15.381,73.831,56.1,1973-2016,,yes,,ftp://ftp.ncdc.noaa.gov/pub/data/noaa/isd-history.txt,
MORMUGAO,India,15.417,73.783,62,1944-2016,,yes,,ftp://ftp.ncdc.noaa.gov/pub/data/noaa/isd-history.txt,
BELGAUM,India,15.85,74.533,753,1944-2016,,yes,,ftp://ftp.ncdc.noaa.gov/pub/data/noaa/isd-history.txt,
BELGAUM AIRPORT,India,15.85,74.617,747,2015-2016,,yes,,ftp://ftp.ncdc.noaa.gov/pub/data/noaa/isd-history.txt,
BELGAUM,India,15.859,74.618,758,1973-2016,,yes,,ftp://ftp.ncdc.noaa.gov/pub/data/noaa/isd-history.txt,
DHARWAD,India,15.483,74.983,678,2015-2016,,yes,,ftp://ftp.ncdc.noaa.gov/pub/data/noaa/isd-history.txt,
GADAG,India,15.417,75.633,650,1944-2016,,yes,,ftp://ftp.ncdc.noaa.gov/pub/data/noaa/isd-history.txt,
HUBLI,India,15.35,75.083,661.3,2015-2016,,yes,,ftp://ftp.ncdc.noaa.gov/pub/data/noaa/isd-history.txt,
BELLARY,India,15.15,76.85,449,1944-2016,,yes,,ftp://ftp.ncdc.noaa.gov/pub/data/noaa/isd-history.txt,
PARANGIPETTAI,India,11.5,79.767,3,2015-2016,,yes,,ftp://ftp.ncdc.noaa.gov/pub/data/noaa/isd-history.txt,
NANDYAL,India,15.467,78.483,212,2001-2015,,yes,,ftp://ftp.ncdc.noaa.gov/pub/data/noaa/isd-history.txt,
KURNOOL,India,15.8,78.067,281,1944-2016,,yes,,ftp://ftp.ncdc.noaa.gov/pub/data/noaa/isd-history.txt,
BAPATLA,India,15.9,80.467,6,1979-2016,,yes,,ftp://ftp.ncdc.noaa.gov/pub/data/noaa/isd-history.txt,
ONGOLE,India,15.5,80.083,12,1973-2016,,yes,,ftp://ftp.ncdc.noaa.gov/pub/data/noaa/isd-history.txt,
KARWAR,India,14.783,74.133,4,1973-2016,,yes,,ftp://ftp.ncdc.noaa.gov/pub/data/noaa/isd-history.txt,
HONAVAR,India,14.283,74.45,9,1944-2016,,yes,,ftp://ftp.ncdc.noaa.gov/pub/data/noaa/isd-history.txt,
HAVERI,India,14.783,75.4,573,2015-2016,,yes,,ftp://ftp.ncdc.noaa.gov/pub/data/noaa/isd-history.txt,
KOPPAL,India,15.35,76.15,532,2015-2016,,yes,,ftp://ftp.ncdc.noaa.gov/pub/data/noaa/isd-history.txt,
SHIRALI,India,14.067,74.533,45,1977-2016,,yes,,ftp://ftp.ncdc.noaa.gov/pub/data/noaa/isd-history.txt,
DAVANGERE,India,14.5,75.917,620,2015-2016,,yes,,ftp://ftp.ncdc.noaa.gov/pub/data/noaa/isd-history.txt,
CHITRADURGA,India,14.233,76.433,733,1944-2016,,yes,,ftp://ftp.ncdc.noaa.gov/pub/data/noaa/isd-history.txt,
PBO ANANTAPUR,India,14.583,77.633,364,1954-2016,,yes,,ftp://ftp.ncdc.noaa.gov/pub/data/noaa/isd-history.txt,
CUDDAPAH,India,14.483,78.833,130,1944-2013,,yes,,ftp://ftp.ncdc.noaa.gov/pub/data/noaa/isd-history.txt,
KAVALI,India,14.9,79.983,17,2004-2016,,yes,,ftp://ftp.ncdc.noaa.gov/pub/data/noaa/isd-history.txt,
NELLORE,India,14.45,79.983,20,1944-2016,,yes,,ftp://ftp.ncdc.noaa.gov/pub/data/noaa/isd-history.txt,
AGUMBE EMO,India,13.5,75.083,659,2001-2016,,yes,,ftp://ftp.ncdc.noaa.gov/pub/data/noaa/isd-history.txt,
SHIMOGA,India,13.933,75.633,571,2001-2016,,yes,,ftp://ftp.ncdc.noaa.gov/pub/data/noaa/isd-history.txt,
BALEHONUR,India,13.367,75.45,907,1985-1986,,yes,,ftp://ftp.ncdc.noaa.gov/pub/data/noaa/isd-history.txt,
CHICKMAGALUR,India,13.25,75.75,1057,2009-2016,,yes,,ftp://ftp.ncdc.noaa.gov/pub/data/noaa/isd-history.txt,
HASSAN,India,12.967,76.333,955,2002-2016,,yes,,ftp://ftp.ncdc.noaa.gov/pub/data/noaa/isd-history.txt,
CHIKKANAHALLI,India,13.667,77.917,672,2015-2016,,yes,,ftp://ftp.ncdc.noaa.gov/pub/data/noaa/isd-history.txt,
M.O. AGATHI AIRPORT,India,10.85,72.467,3,2009-2016,,yes,,ftp://ftp.ncdc.noaa.gov/pub/data/noaa/isd-history.txt,
AROGYAVARAM,India,13.533,78.5,701,1973-2016,,yes,,ftp://ftp.ncdc.noaa.gov/pub/data/noaa/isd-history.txt,
CHINTAMANI,India,13.2,78.067,857,2015-2016,,yes,,ftp://ftp.ncdc.noaa.gov/pub/data/noaa/isd-history.txt,
TIRUPATHI,India,13.667,79.583,105,1986-2016,,yes,,ftp://ftp.ncdc.noaa.gov/pub/data/noaa/isd-history.txt,
TIRUTTANI,India,13.15,79.533,87,1978-2016,,yes,,ftp://ftp.ncdc.noaa.gov/pub/data/noaa/isd-history.txt,
NUMGAMBAKKAM,India,13.067,80.2,7,1987-2016,,yes,,ftp://ftp.ncdc.noaa.gov/pub/data/noaa/isd-history.txt,
CHENNAI INTL,India,12.994,80.181,15.8,1944-2016,,yes,,ftp://ftp.ncdc.noaa.gov/pub/data/noaa/isd-history.txt,
MANGALORE,India,12.867,74.85,22,1944-1963,,yes,,ftp://ftp.ncdc.noaa.gov/pub/data/noaa/isd-history.txt,
MANGALORE,India,12.961,74.89,102.7,1973-2016,,yes,,ftp://ftp.ncdc.noaa.gov/pub/data/noaa/isd-history.txt,
MANGALORE/PANAMBUR,India,12.95,74.833,31,1974-2016,,yes,,ftp://ftp.ncdc.noaa.gov/pub/data/noaa/isd-history.txt,
MADIKERI,India,12.417,75.733,1153,1944-2016,,yes,,ftp://ftp.ncdc.noaa.gov/pub/data/noaa/isd-history.txt,
MANDYA,India,12.5,76.833,695,1981-2016,,yes,,ftp://ftp.ncdc.noaa.gov/pub/data/noaa/isd-history.txt,
MYSORE,India,12.3,76.7,767,1944-2016,,yes,,ftp://ftp.ncdc.noaa.gov/pub/data/noaa/isd-history.txt,
BANGALORE,India,12.967,77.583,921,1973-2016,,yes,,ftp://ftp.ncdc.noaa.gov/pub/data/noaa/isd-history.txt,
BANGALORE/HINDUSTAN AIRPORT,India,12.95,77.633,888,1942-2016,,yes,,ftp://ftp.ncdc.noaa.gov/pub/data/noaa/isd-history.txt,
KOLAR GOLD FIELDS,India,12.95,78.3,882,1999-2003,,yes,,ftp://ftp.ncdc.noaa.gov/pub/data/noaa/isd-history.txt,
DHARMAPURI,India,12.133,78.033,396,1977-2016,,yes,,ftp://ftp.ncdc.noaa.gov/pub/data/noaa/isd-history.txt,
TIRUPPATTUR,India,12.483,78.567,385,2015-2016,,yes,,ftp://ftp.ncdc.noaa.gov/pub/data/noaa/isd-history.txt,
BANGALORE,India,12.95,77.668,887.6,2005-2016,,yes,,ftp://ftp.ncdc.noaa.gov/pub/data/noaa/isd-history.txt,
VELLORE,India,12.917,79.15,214,1944-2016,,yes,,ftp://ftp.ncdc.noaa.gov/pub/data/noaa/isd-history.txt,
MAHABALIPURAM,India,12.617,80.2,9,1976-1976,,yes,,ftp://ftp.ncdc.noaa.gov/pub/data/noaa/isd-history.txt,
MAYA BANDAR,India,12.917,92.917,28,1973-2016,,yes,,ftp://ftp.ncdc.noaa.gov/pub/data/noaa/isd-history.txt,
LONG ISLAND,India,12.417,92.933,25,2007-2016,,yes,,ftp://ftp.ncdc.noaa.gov/pub/data/noaa/isd-history.txt,
M.O. AMINI,India,11.117,72.733,3,1973-2016,,yes,,ftp://ftp.ncdc.noaa.gov/pub/data/noaa/isd-history.txt,
AGATTI,India,10.85,72.467,4,2002-2009,,yes,,ftp://ftp.ncdc.noaa.gov/pub/data/noaa/isd-history.txt,
KOZHIKODE,India,11.25,75.783,5,1944-2016,,yes,,ftp://ftp.ncdc.noaa.gov/pub/data/noaa/isd-history.txt,
CANNUR,India,11.833,75.333,18,1977-2016,,yes,,ftp://ftp.ncdc.noaa.gov/pub/data/noaa/isd-history.txt,
NILAMBUR,India,11.283,76.233,31,1999-2000,,yes,,ftp://ftp.ncdc.noaa.gov/pub/data/noaa/isd-history.txt,
UDHAGAMANDALAM,India,11.4,76.733,2249,1944-2016,,yes,,ftp://ftp.ncdc.noaa.gov/pub/data/noaa/isd-history.txt,
COONOOR,India,11.35,76.8,1747,1986-2016,,yes,,ftp://ftp.ncdc.noaa.gov/pub/data/noaa/isd-history.txt,
COIMBATORE,India,11,76.967,409,1944-2003,,yes,,ftp://ftp.ncdc.noaa.gov/pub/data/noaa/isd-history.txt,
M.O. KARIPUR AIRPORT,India,11.133,75.95,100,2009-2016,,yes,,ftp://ftp.ncdc.noaa.gov/pub/data/noaa/isd-history.txt,
COIMBATORE,India,11.031,77.044,403.6,1973-2016,,yes,,ftp://ftp.ncdc.noaa.gov/pub/data/noaa/isd-history.txt,
CHAMARAJNAGAR,India,11.933,76.933,760,2015-2016,,yes,,ftp://ftp.ncdc.noaa.gov/pub/data/noaa/isd-history.txt,
ARIYALUR,India,11.167,79,747,1977-2002,,yes,,ftp://ftp.ncdc.noaa.gov/pub/data/noaa/isd-history.txt,
SALEM,India,11.65,78.167,278,1944-2016,,yes,,ftp://ftp.ncdc.noaa.gov/pub/data/noaa/isd-history.txt,
KALLAKKURICHCHI,India,11.733,78.967,127,1973-2016,,yes,,ftp://ftp.ncdc.noaa.gov/pub/data/noaa/isd-history.txt,
KARAIKUDI,India,10.067,78.8,92,1976-2016,,yes,,ftp://ftp.ncdc.noaa.gov/pub/data/noaa/isd-history.txt,
PONDICHERRY,India,11.917,79.833,6,2002-2003,,yes,,ftp://ftp.ncdc.noaa.gov/pub/data/noaa/isd-history.txt,
CUDDALORE,India,11.767,79.767,12,1944-2016,,yes,,ftp://ftp.ncdc.noaa.gov/pub/data/noaa/isd-history.txt,
THANJAVUR,India,10.783,79.133,68,1976-2016,,yes,,ftp://ftp.ncdc.noaa.gov/pub/data/noaa/isd-history.txt,
M.O. PONDICHERRY,India,11.967,79.817,38,2009-2016,,yes,,ftp://ftp.ncdc.noaa.gov/pub/data/noaa/isd-history.txt,
PORT BLAIR,India,11.667,92.717,79,1945-2016,,yes,,ftp://ftp.ncdc.noaa.gov/pub/data/noaa/isd-history.txt,
ANDROTH,India,10.8,73.983,5,2002-2002,,yes,,ftp://ftp.ncdc.noaa.gov/pub/data/noaa/isd-history.txt,
PALAKKAD,India,10.767,76.65,97,1944-2016,,yes,,ftp://ftp.ncdc.noaa.gov/pub/data/noaa/isd-history.txt,
COCHIN INT. AIRPORT NEDUMBASS,India,10.15,76.4,7.7,2006-2016,,yes,,ftp://ftp.ncdc.noaa.gov/pub/data/noaa/isd-history.txt,
KAVARATTI ISL,India,10.533,72.617,3,2016-2016,,yes,,ftp://ftp.ncdc.noaa.gov/pub/data/noaa/isd-history.txt,
KODAIKANAL,India,10.233,77.467,2343,1944-2016,,yes,,ftp://ftp.ncdc.noaa.gov/pub/data/noaa/isd-history.txt,
YERCAUD,India,11.75,78.167,1463,2015-2016,,yes,,ftp://ftp.ncdc.noaa.gov/pub/data/noaa/isd-history.txt,
VALPARAI,India,10.283,77,1041,2015-2016,,yes,,ftp://ftp.ncdc.noaa.gov/pub/data/noaa/isd-history.txt,
K. PARAMATHY,India,10.95,78.083,181,1978-2016,,yes,,ftp://ftp.ncdc.noaa.gov/pub/data/noaa/isd-history.txt,
TIRUCHIRAPALLI TOWN,India,10.767,78.717,88,2016-2016,,yes,,ftp://ftp.ncdc.noaa.gov/pub/data/noaa/isd-history.txt,
TIRUCHIRAPPALLI,India,10.765,78.71,87.8,1944-2016,,yes,,ftp://ftp.ncdc.noaa.gov/pub/data/noaa/isd-history.txt,
KUDIMIAMALAI,India,10.4,78.667,123,2015-2016,,yes,,ftp://ftp.ncdc.noaa.gov/pub/data/noaa/isd-history.txt,
KARAIKAL,India,10.917,79.833,7,1999-2016,,yes,,ftp://ftp.ncdc.noaa.gov/pub/data/noaa/isd-history.txt,
NAGAPPATTINAM,India,10.767,79.85,9,1944-2016,,yes,,ftp://ftp.ncdc.noaa.gov/pub/data/noaa/isd-history.txt,
ATIRAMAPATTINAM,India,10.333,79.383,6,2003-2016,,yes,,ftp://ftp.ncdc.noaa.gov/pub/data/noaa/isd-history.txt,
VEDARANNIYAM,India,10.367,79.85,4,1999-2009,,yes,,ftp://ftp.ncdc.noaa.gov/pub/data/noaa/isd-history.txt,
FORT COCHIN,India,9.967,76.233,3,1954-2001,,yes,,ftp://ftp.ncdc.noaa.gov/pub/data/noaa/isd-history.txt,
ALAPUZHA,India,9.55,76.417,4,1944-2016,,yes,,ftp://ftp.ncdc.noaa.gov/pub/data/noaa/isd-history.txt,
COCHIN,India,9.946,76.272,2.4,1944-2016,,yes,,ftp://ftp.ncdc.noaa.gov/pub/data/noaa/isd-history.txt,
PUNALUR,India,9,76.917,34,2002-2016,,yes,,ftp://ftp.ncdc.noaa.gov/pub/data/noaa/isd-history.txt,
KOTTAYAM,India,9.533,76.6,78,2001-2016,,yes,,ftp://ftp.ncdc.noaa.gov/pub/data/noaa/isd-history.txt,
PERIAKULAM,India,10,77.133,300,2015-2016,,yes,,ftp://ftp.ncdc.noaa.gov/pub/data/noaa/isd-history.txt,
THRISSUR,India,10.517,76.217,39,2015-2016,,yes,,ftp://ftp.ncdc.noaa.gov/pub/data/noaa/isd-history.txt,
KOVILANGULAM,India,9.55,78.083,103,2015-2016,,yes,,ftp://ftp.ncdc.noaa.gov/pub/data/noaa/isd-history.txt,
MADURAI,India,9.917,78.117,133,1973-2016,,yes,,ftp://ftp.ncdc.noaa.gov/pub/data/noaa/isd-history.txt,
MADURAI,India,9.835,78.093,139.9,1944-2016,,yes,,ftp://ftp.ncdc.noaa.gov/pub/data/noaa/isd-history.txt,
TONDI,India,9.733,79.033,5,2003-2016,,yes,,ftp://ftp.ncdc.noaa.gov/pub/data/noaa/isd-history.txt,
PAMBAN,India,9.267,79.3,11,1944-2016,,yes,,ftp://ftp.ncdc.noaa.gov/pub/data/noaa/isd-history.txt,
HUT BAY,India,10.583,92.55,5,2002-2016,,yes,,ftp://ftp.ncdc.noaa.gov/pub/data/noaa/isd-history.txt,
CAR NICOBAR,India,9.167,92.833,10,1973-2016,,yes,,ftp://ftp.ncdc.noaa.gov/pub/data/noaa/isd-history.txt,
CAR NICOBAR(IN-AFB),India,9.15,92.817,14,1973-2015,,yes,,ftp://ftp.ncdc.noaa.gov/pub/data/noaa/isd-history.txt,
MINICOY,India,8.3,73.15,2,1944-2016,,yes,,ftp://ftp.ncdc.noaa.gov/pub/data/noaa/isd-history.txt,
THIRUVANANTHAPURAM,India,8.483,76.95,64,1944-2016,,yes,,ftp://ftp.ncdc.noaa.gov/pub/data/noaa/isd-history.txt,
THIRUVANANTHAPURAM INTL,India,8.482,76.92,4.6,1996-2016,,yes,,ftp://ftp.ncdc.noaa.gov/pub/data/noaa/isd-history.txt,
TRIVANDRUM MET.OBS./THUMBA,India,8.533,76.867,7,2003-2003,,yes,,ftp://ftp.ncdc.noaa.gov/pub/data/noaa/isd-history.txt,
KOVALAM,India,8.083,77.25,35,2001-2001,,yes,,ftp://ftp.ncdc.noaa.gov/pub/data/noaa/isd-history.txt,
PALAYANKOTTAI,India,8.733,77.75,51,1973-2016,,yes,,ftp://ftp.ncdc.noaa.gov/pub/data/noaa/isd-history.txt,
KANNIYAKUMARI,India,8.083,77.5,37,1980-2016,,yes,,ftp://ftp.ncdc.noaa.gov/pub/data/noaa/isd-history.txt,
TUTICORIN NEW PORT,India,8.75,78.183,2,2009-2016,,yes,,ftp://ftp.ncdc.noaa.gov/pub/data/noaa/isd-history.txt,
NANCOWRY,India,7.983,93.533,26,1973-2016,,yes,,ftp://ftp.ncdc.noaa.gov/pub/data/noaa/isd-history.txt,
KONDUL,India,7.217,93.733,8,1973-2003,,yes,,ftp://ftp.ncdc.noaa.gov/pub/data/noaa/isd-history.txt,
MALE ISLAND,India,4.167,73.5,6,1974-1981,,yes,,ftp://ftp.ncdc.noaa.gov/pub/data/noaa/isd-history.txt,
SONAMARG,India,34.317,75.317,2515,1944-1963,,yes,,ftp://ftp.ncdc.noaa.gov/pub/data/noaa/isd-history.txt,
DRAS,India,34.433,75.767,3066,1955-1963,,yes,,ftp://ftp.ncdc.noaa.gov/pub/data/noaa/isd-history.txt,
,,,,,,,,,,
Pakistan Meteorological Department,,,,,,,,,,
Srinagar,,,,1587,1893–1999,,$$$,,Pakistan Meteorological Department (Duplicate),
Astore,,,,2394,1954–1997,,$$$,,Pakistan Meteorological Department,
Naran,,,,2363,1961–1996,,$$$,,Pakistan Meteorological Department,
Dudhnial,,,,1816,1993–1995,,$$$,,Pakistan Meteorological Department,
Balakot,,,,980,1961–1990,,$$$,,Pakistan Meteorological Department,
Shinkiari,,,,991,1961–1996,,$$$,,Pakistan Meteorological Department,
Muzafferabad,,,,686,1962–1992,,$$$,,Pakistan Meteorological Department,
Domel,,,,686,1962–1992,,$$$,,Pakistan Meteorological Department,
G.Dupatta,,,,813,1955–1992,,$$$,,Pakistan Meteorological Department,
Murree,,,,2206,1960–1991,,$$$,,Pakistan Meteorological Department (Possible duplicate?),
Rawalakot,,,,1677,1960–1992,,$$$,,Pakistan Meteorological Department,
Palandri,,,,1402,1962–1992,,$$$,,Pakistan Meteorological Department,
Khandar (Nakial),,,,1067,1961–1992,,$$$,,Pakistan Meteorological Department,
Mangla,,,,282,1960–1992,,$$$,,Pakistan Meteorological Department,
